flight_id,airline,source,destination,route,departure_time,arrival_time,duration,duration_minutes,dep_hour,time_of_day_bucket,route_mean_duration,route_std_duration,is_duration_outlier
6F097,IndiGo,BLR,BOM,BLR -> BOM,15:32:42,16:49:42,01:17:00,77.0,15,Afternoon,147.73,73.89,0
6F019,IndiGo,BLR,BOM,BLR -> BOM,00:19:42,04:14:42,03:55:00,235.0,0,Night,147.73,73.89,0
UK187,Vistara,BLR,BOM,BLR -> BOM,16:52:42,18:42:42,01:50:00,110.0,16,Afternoon,147.73,73.89,0
AI208,Air India,BLR,BOM,BLR -> BOM,08:38:42,11:52:42,03:14:00,194.0,8,Morning,147.73,73.89,0
SJ138,SpiceJet,BLR,BOM,BLR -> BOM,05:55:42,06:43:42,00:48:00,48.0,5,Morning,147.73,73.89,0
UK015,Vistara,BLR,BOM,BLR -> BOM,04:46:42,06:33:42,01:47:00,107.0,4,Night,147.73,73.89,0
AI076,Air India,BLR,BOM,BLR -> BOM,15:37:42,16:12:42,00:35:00,35.0,15,Afternoon,147.73,73.89,0
6F165,IndiGo,BLR,BOM,BLR -> BOM,10:11:42,11:09:42,00:58:00,58.0,10,Morning,147.73,73.89,0
6F025,IndiGo,BLR,BOM,BLR -> BOM,23:02:42,23:57:42,00:55:00,55.0,23,Night,147.73,73.89,0
UK109,Vistara,BLR,BOM,BLR -> BOM,16:06:42,17:06:42,01:00:00,60.0,16,Afternoon,147.73,73.89,0
6F051,IndiGo,BLR,BOM,BLR -> BOM,13:58:42,15:58:42,02:00:00,120.0,13,Afternoon,147.73,73.89,0
AI135,Air India,BLR,BOM,BLR -> BOM,06:40:42,09:21:42,02:41:00,161.0,6,Morning,147.73,73.89,0
AI103,Air India,BLR,BOM,BLR -> BOM,03:26:42,04:04:42,00:38:00,38.0,3,Night,147.73,73.89,0
UK143,Vistara,BLR,BOM,BLR -> BOM,01:34:42,02:48:42,01:14:00,74.0,1,Night,147.73,73.89,0
SJ209,SpiceJet,BLR,BOM,BLR -> BOM,22:22:42,02:03:42,03:41:00,221.0,22,Night,147.73,73.89,0
6F167,IndiGo,BLR,BOM,BLR -> BOM,16:26:42,17:50:42,01:24:00,84.0,16,Afternoon,147.73,73.89,0
UK161,Vistara,BLR,BOM,BLR -> BOM,10:05:42,12:48:42,02:43:00,163.0,10,Morning,147.73,73.89,0
AI244,Air India,BLR,BOM,BLR -> BOM,02:50:42,03:25:42,00:35:00,35.0,2,Night,147.73,73.89,0
6F218,IndiGo,BLR,BOM,BLR -> BOM,15:16:42,19:03:42,03:47:00,227.0,15,Afternoon,147.73,73.89,0
AI233,Air India,BLR,BOM,BLR -> BOM,08:04:42,09:52:42,01:48:00,108.0,8,Morning,147.73,73.89,0
6F120,IndiGo,BLR,BOM,BLR -> BOM,05:14:42,06:14:42,01:00:00,60.0,5,Morning,147.73,73.89,0
6F213,IndiGo,BLR,BOM,BLR -> BOM,21:05:42,00:32:42,03:27:00,207.0,21,Night,147.73,73.89,0
UK115,Vistara,BLR,BOM,BLR -> BOM,11:20:42,13:20:42,02:00:00,120.0,11,Morning,147.73,73.89,0
6F109,IndiGo,BLR,BOM,BLR -> BOM,12:00:42,12:51:42,00:51:00,51.0,12,Afternoon,147.73,73.89,0
UK117,Vistara,BLR,BOM,BLR -> BOM,13:17:42,16:54:42,03:37:00,217.0,13,Afternoon,147.73,73.89,0
SJ113,SpiceJet,BLR,BOM,BLR -> BOM,08:10:42,10:10:42,02:00:00,120.0,8,Morning,147.73,73.89,0
UK230,Vistara,BLR,BOM,BLR -> BOM,20:02:42,21:35:42,01:33:00,93.0,20,Evening,147.73,73.89,0
AI210,Air India,BLR,BOM,BLR -> BOM,16:13:42,18:50:42,02:37:00,157.0,16,Afternoon,147.73,73.89,0
SJ068,SpiceJet,BLR,BOM,BLR -> BOM,16:44:42,18:48:42,02:04:00,124.0,16,Afternoon,147.73,73.89,0
AI205,Air India,BLR,BOM,BLR -> BOM,03:26:42,05:14:42,01:48:00,108.0,3,Night,147.73,73.89,0
UK037,Vistara,BLR,BOM,BLR -> BOM,01:10:42,05:12:42,04:02:00,242.0,1,Night,147.73,73.89,0
AI109,Air India,BLR,BOM,BLR -> BOM,15:53:42,20:14:42,04:21:00,261.0,15,Afternoon,147.73,73.89,1
6F124,IndiGo,BLR,BOM,BLR -> BOM,10:47:42,15:21:42,04:34:00,274.0,10,Morning,147.73,73.89,1
6F164,IndiGo,BLR,BOM,BLR -> BOM,22:18:42,00:45:42,02:27:00,147.0,22,Night,147.73,73.89,0
AI132,Air India,BLR,BOM,BLR -> BOM,19:32:42,21:41:42,02:09:00,129.0,19,Evening,147.73,73.89,0
UK220,Vistara,BLR,BOM,BLR -> BOM,09:51:42,13:25:42,03:34:00,214.0,9,Morning,147.73,73.89,0
SJ144,SpiceJet,BLR,BOM,BLR -> BOM,15:35:42,19:12:42,03:37:00,217.0,15,Afternoon,147.73,73.89,0
UK121,Vistara,BLR,BOM,BLR -> BOM,08:36:42,12:36:42,04:00:00,240.0,8,Morning,147.73,73.89,0
SJ093,SpiceJet,BLR,BOM,BLR -> BOM,21:55:42,23:01:42,01:06:00,66.0,21,Night,147.73,73.89,0
SJ170,SpiceJet,BLR,BOM,BLR -> BOM,10:11:42,11:56:42,01:45:00,105.0,10,Morning,147.73,73.89,0
SJ191,SpiceJet,BLR,BOM,BLR -> BOM,03:01:42,04:23:42,01:22:00,82.0,3,Night,147.73,73.89,0
AI243,Air India,BLR,BOM,BLR -> BOM,02:50:42,05:09:42,02:19:00,139.0,2,Night,147.73,73.89,0
6F233,IndiGo,BLR,BOM,BLR -> BOM,23:56:42,03:53:42,03:57:00,237.0,23,Night,147.73,73.89,0
SJ188,SpiceJet,BLR,BOM,BLR -> BOM,22:15:42,22:55:42,00:40:00,40.0,22,Night,147.73,73.89,0
AI253,Air India,BLR,BOM,BLR -> BOM,16:13:42,19:51:42,03:38:00,218.0,16,Afternoon,147.73,73.89,0
UK054,Vistara,BLR,BOM,BLR -> BOM,00:37:42,05:30:42,04:53:00,293.0,0,Night,147.73,73.89,1
SJ037,SpiceJet,BLR,BOM,BLR -> BOM,19:14:42,22:31:42,03:17:00,197.0,19,Evening,147.73,73.89,0
UK044,Vistara,BLR,BOM,BLR -> BOM,20:31:42,23:29:42,02:58:00,178.0,20,Evening,147.73,73.89,0
UK061,Vistara,BLR,BOM,BLR -> BOM,17:58:42,19:48:42,01:50:00,110.0,17,Evening,147.73,73.89,0
UK032,Vistara,BLR,BOM,BLR -> BOM,03:31:42,07:28:42,03:57:00,237.0,3,Night,147.73,73.89,0
AI050,Air India,BLR,BOM,BLR -> BOM,17:07:42,19:42:42,02:35:00,155.0,17,Evening,147.73,73.89,0
UK160,Vistara,BLR,BOM,BLR -> BOM,06:42:42,10:58:42,04:16:00,256.0,6,Morning,147.73,73.89,0
UK053,Vistara,BLR,BOM,BLR -> BOM,23:56:42,02:46:42,02:50:00,170.0,23,Night,147.73,73.89,0
6F105,IndiGo,BLR,BOM,BLR -> BOM,11:46:42,12:58:42,01:12:00,72.0,11,Morning,147.73,73.89,0
SJ020,SpiceJet,BLR,BOM,BLR -> BOM,22:18:42,02:27:42,04:09:00,249.0,22,Night,147.73,73.89,0
AI228,Air India,BLR,BOM,BLR -> BOM,13:16:42,17:44:42,04:28:00,268.0,13,Afternoon,147.73,73.89,1
AI099,Air India,BLR,BOM,BLR -> BOM,11:07:42,13:29:42,02:22:00,142.0,11,Morning,147.73,73.89,0
UK175,Vistara,BLR,BOM,BLR -> BOM,23:56:42,03:18:42,03:22:00,202.0,23,Night,147.73,73.89,0
6F094,IndiGo,BLR,BOM,BLR -> BOM,07:37:42,09:06:42,01:29:00,89.0,7,Morning,147.73,73.89,0
6F217,IndiGo,BLR,BOM,BLR -> BOM,05:13:42,08:01:42,02:48:00,168.0,5,Morning,147.73,73.89,0
AI015,Air India,BLR,CCU,BLR -> CCU,23:21:42,01:15:42,01:54:00,114.0,23,Night,128.52,75.23,0
AI108,Air India,BLR,CCU,BLR -> CCU,21:32:42,00:17:42,02:45:00,165.0,21,Night,128.52,75.23,0
SJ091,SpiceJet,BLR,CCU,BLR -> CCU,23:10:42,00:47:42,01:37:00,97.0,23,Night,128.52,75.23,0
UK060,Vistara,BLR,CCU,BLR -> CCU,16:09:42,19:42:42,03:33:00,213.0,16,Afternoon,128.52,75.23,0
AI201,Air India,BLR,CCU,BLR -> CCU,15:19:42,16:40:42,01:21:00,81.0,15,Afternoon,128.52,75.23,0
AI157,Air India,BLR,CCU,BLR -> CCU,22:45:42,01:33:42,02:48:00,168.0,22,Night,128.52,75.23,0
AI152,Air India,BLR,CCU,BLR -> CCU,19:21:42,20:26:42,01:05:00,65.0,19,Evening,128.52,75.23,0
AI242,Air India,BLR,CCU,BLR -> CCU,16:41:42,17:43:42,01:02:00,62.0,16,Afternoon,128.52,75.23,0
6F212,IndiGo,BLR,CCU,BLR -> CCU,06:10:42,10:52:42,04:42:00,282.0,6,Morning,128.52,75.23,1
AI072,Air India,BLR,CCU,BLR -> CCU,15:34:42,16:32:42,00:58:00,58.0,15,Afternoon,128.52,75.23,0
UK052,Vistara,BLR,CCU,BLR -> CCU,20:48:42,21:40:42,00:52:00,52.0,20,Evening,128.52,75.23,0
AI209,Air India,BLR,CCU,BLR -> CCU,17:25:42,18:37:42,01:12:00,72.0,17,Evening,128.52,75.23,0
UK183,Vistara,BLR,CCU,BLR -> CCU,17:07:42,18:30:42,01:23:00,83.0,17,Evening,128.52,75.23,0
SJ147,SpiceJet,BLR,CCU,BLR -> CCU,04:30:42,08:52:42,04:22:00,262.0,4,Night,128.52,75.23,1
UK073,Vistara,BLR,CCU,BLR -> CCU,03:59:42,08:09:42,04:10:00,250.0,3,Night,128.52,75.23,1
6F091,IndiGo,BLR,CCU,BLR -> CCU,10:10:42,11:36:42,01:26:00,86.0,10,Morning,128.52,75.23,0
6F009,IndiGo,BLR,CCU,BLR -> CCU,20:21:42,23:36:42,03:15:00,195.0,20,Evening,128.52,75.23,0
6F072,IndiGo,BLR,CCU,BLR -> CCU,02:14:42,03:11:42,00:57:00,57.0,2,Night,128.52,75.23,0
UK168,Vistara,BLR,CCU,BLR -> CCU,03:20:42,04:09:42,00:49:00,49.0,3,Night,128.52,75.23,0
SJ234,SpiceJet,BLR,CCU,BLR -> CCU,04:20:42,06:23:42,02:03:00,123.0,4,Night,128.52,75.23,0
6F149,IndiGo,BLR,CCU,BLR -> CCU,17:57:42,20:42:42,02:45:00,165.0,17,Evening,128.52,75.23,0
AI146,Air India,BLR,DEL,BLR -> DEL,10:40:42,13:46:42,03:06:00,186.0,10,Morning,156.95,85.17,0
SJ038,SpiceJet,BLR,DEL,BLR -> DEL,14:57:42,17:46:42,02:49:00,169.0,14,Afternoon,156.95,85.17,0
AI219,Air India,BLR,DEL,BLR -> DEL,09:28:42,11:27:42,01:59:00,119.0,9,Morning,156.95,85.17,0
UK204,Vistara,BLR,DEL,BLR -> DEL,14:46:42,16:24:42,01:38:00,98.0,14,Afternoon,156.95,85.17,0
6F027,IndiGo,BLR,DEL,BLR -> DEL,16:52:42,18:21:42,01:29:00,89.0,16,Afternoon,156.95,85.17,0
6F191,IndiGo,BLR,DEL,BLR -> DEL,14:41:42,15:11:42,00:30:00,30.0,14,Afternoon,156.95,85.17,0
AI167,Air India,BLR,DEL,BLR -> DEL,06:43:42,11:10:42,04:27:00,267.0,6,Morning,156.95,85.17,0
AI141,Air India,BLR,DEL,BLR -> DEL,10:16:42,14:53:42,04:37:00,277.0,10,Morning,156.95,85.17,0
AI176,Air India,BLR,DEL,BLR -> DEL,04:20:42,06:25:42,02:05:00,125.0,4,Night,156.95,85.17,0
UK081,Vistara,BLR,DEL,BLR -> DEL,22:00:42,23:00:42,01:00:00,60.0,22,Night,156.95,85.17,0
SJ019,SpiceJet,BLR,DEL,BLR -> DEL,13:07:42,15:56:42,02:49:00,169.0,13,Afternoon,156.95,85.17,0
6F216,IndiGo,BLR,DEL,BLR -> DEL,21:58:42,02:51:42,04:53:00,293.0,21,Night,156.95,85.17,1
SJ201,SpiceJet,BLR,DEL,BLR -> DEL,09:10:42,11:12:42,02:02:00,122.0,9,Morning,156.95,85.17,0
AI215,Air India,BLR,DEL,BLR -> DEL,12:07:42,13:43:42,01:36:00,96.0,12,Afternoon,156.95,85.17,0
SJ243,SpiceJet,BLR,DEL,BLR -> DEL,18:17:42,23:03:42,04:46:00,286.0,18,Evening,156.95,85.17,1
SJ244,SpiceJet,BLR,DEL,BLR -> DEL,13:51:42,15:39:42,01:48:00,108.0,13,Afternoon,156.95,85.17,0
UK142,Vistara,BLR,DEL,BLR -> DEL,03:03:42,07:13:42,04:10:00,250.0,3,Night,156.95,85.17,0
AI136,Air India,BLR,DEL,BLR -> DEL,20:29:42,23:48:42,03:19:00,199.0,20,Evening,156.95,85.17,0
6F083,IndiGo,BLR,DEL,BLR -> DEL,05:24:42,06:03:42,00:39:00,39.0,5,Morning,156.95,85.17,0
SJ154,SpiceJet,BLR,HYD,BLR -> HYD,14:47:42,16:26:42,01:39:00,99.0,14,Afternoon,155.68,56.33,0
UK203,Vistara,BLR,HYD,BLR -> HYD,04:12:42,05:24:42,01:12:00,72.0,4,Night,155.68,56.33,0
AI249,Air India,BLR,HYD,BLR -> HYD,03:38:42,06:27:42,02:49:00,169.0,3,Night,155.68,56.33,0
6F203,IndiGo,BLR,HYD,BLR -> HYD,11:05:42,12:56:42,01:51:00,111.0,11,Morning,155.68,56.33,0
AI187,Air India,BLR,HYD,BLR -> HYD,23:32:42,01:16:42,01:44:00,104.0,23,Night,155.68,56.33,0
UK017,Vistara,BLR,HYD,BLR -> HYD,13:14:42,14:49:42,01:35:00,95.0,13,Afternoon,155.68,56.33,0
SJ062,SpiceJet,BLR,HYD,BLR -> HYD,13:37:42,17:06:42,03:29:00,209.0,13,Afternoon,155.68,56.33,0
UK096,Vistara,BLR,HYD,BLR -> HYD,22:11:42,00:06:42,01:55:00,115.0,22,Night,155.68,56.33,0
UK047,Vistara,BLR,HYD,BLR -> HYD,18:40:42,22:45:42,04:05:00,245.0,18,Evening,155.68,56.33,1
AI003,Air India,BLR,HYD,BLR -> HYD,13:27:42,16:55:42,03:28:00,208.0,13,Afternoon,155.68,56.33,0
6F131,IndiGo,BLR,HYD,BLR -> HYD,10:22:42,14:20:42,03:58:00,238.0,10,Morning,155.68,56.33,0
AI235,Air India,BLR,HYD,BLR -> HYD,22:45:42,02:12:42,03:27:00,207.0,22,Night,155.68,56.33,0
6F068,IndiGo,BLR,HYD,BLR -> HYD,11:17:42,15:06:42,03:49:00,229.0,11,Morning,155.68,56.33,0
SJ108,SpiceJet,BLR,HYD,BLR -> HYD,00:40:42,03:16:42,02:36:00,156.0,0,Night,155.68,56.33,0
AI226,Air India,BLR,HYD,BLR -> HYD,01:19:42,04:08:42,02:49:00,169.0,1,Night,155.68,56.33,0
SJ242,SpiceJet,BLR,HYD,BLR -> HYD,14:55:42,17:42:42,02:47:00,167.0,14,Afternoon,155.68,56.33,0
SJ145,SpiceJet,BLR,HYD,BLR -> HYD,17:41:42,20:38:42,02:57:00,177.0,17,Evening,155.68,56.33,0
UK197,Vistara,BLR,HYD,BLR -> HYD,09:22:42,10:54:42,01:32:00,92.0,9,Morning,155.68,56.33,0
6F066,IndiGo,BLR,HYD,BLR -> HYD,06:07:42,07:43:42,01:36:00,96.0,6,Morning,155.68,56.33,0
AI227,Air India,BLR,MAA,BLR -> MAA,04:31:42,08:17:42,03:46:00,226.0,4,Night,187.31,68.64,0
SJ092,SpiceJet,BLR,MAA,BLR -> MAA,13:19:42,17:56:42,04:37:00,277.0,13,Afternoon,187.31,68.64,0
6F098,IndiGo,BLR,MAA,BLR -> MAA,10:18:42,12:49:42,02:31:00,151.0,10,Morning,187.31,68.64,0
6F134,IndiGo,BLR,MAA,BLR -> MAA,12:47:42,14:06:42,01:19:00,79.0,12,Afternoon,187.31,68.64,0
6F095,IndiGo,BLR,MAA,BLR -> MAA,01:53:42,05:34:42,03:41:00,221.0,1,Night,187.31,68.64,0
6F242,IndiGo,BLR,MAA,BLR -> MAA,21:10:42,01:04:42,03:54:00,234.0,21,Night,187.31,68.64,0
UK139,Vistara,BLR,MAA,BLR -> MAA,10:54:42,14:31:42,03:37:00,217.0,10,Morning,187.31,68.64,0
AI191,Air India,BLR,MAA,BLR -> MAA,07:57:42,11:58:42,04:01:00,241.0,7,Morning,187.31,68.64,0
UK068,Vistara,BLR,MAA,BLR -> MAA,16:28:42,18:09:42,01:41:00,101.0,16,Afternoon,187.31,68.64,0
SJ077,SpiceJet,BLR,MAA,BLR -> MAA,17:32:42,19:40:42,02:08:00,128.0,17,Evening,187.31,68.64,0
SJ085,SpiceJet,BLR,MAA,BLR -> MAA,14:41:42,19:11:42,04:30:00,270.0,14,Afternoon,187.31,68.64,0
UK080,Vistara,BLR,MAA,BLR -> MAA,21:09:42,22:29:42,01:20:00,80.0,21,Night,187.31,68.64,0
AI064,Air India,BLR,MAA,BLR -> MAA,18:24:42,20:07:42,01:43:00,103.0,18,Evening,187.31,68.64,0
6F002,IndiGo,BLR,MAA,BLR -> MAA,14:11:42,17:34:42,03:23:00,203.0,14,Afternoon,187.31,68.64,0
UK189,Vistara,BLR,MAA,BLR -> MAA,15:07:42,18:51:42,03:44:00,224.0,15,Afternoon,187.31,68.64,0
6F021,IndiGo,BLR,MAA,BLR -> MAA,21:23:42,01:25:42,04:02:00,242.0,21,Night,187.31,68.64,0
6F197,IndiGo,BOM,BLR,BOM -> BLR,17:59:42,22:44:42,04:45:00,285.0,17,Evening,176.52,70.98,1
6F006,IndiGo,BOM,BLR,BOM -> BLR,03:06:42,05:06:42,02:00:00,120.0,3,Night,176.52,70.98,0
AI041,Air India,BOM,BLR,BOM -> BLR,14:08:42,15:59:42,01:51:00,111.0,14,Afternoon,176.52,70.98,0
AI006,Air India,BOM,BLR,BOM -> BLR,03:04:42,05:54:42,02:50:00,170.0,3,Night,176.52,70.98,0
6F082,IndiGo,BOM,BLR,BOM -> BLR,20:26:42,22:26:42,02:00:00,120.0,20,Evening,176.52,70.98,0
AI246,Air India,BOM,BLR,BOM -> BLR,03:22:42,06:41:42,03:19:00,199.0,3,Night,176.52,70.98,0
AI130,Air India,BOM,BLR,BOM -> BLR,10:18:42,12:59:42,02:41:00,161.0,10,Morning,176.52,70.98,0
AI037,Air India,BOM,BLR,BOM -> BLR,11:14:42,15:13:42,03:59:00,239.0,11,Morning,176.52,70.98,0
SJ181,SpiceJet,BOM,BLR,BOM -> BLR,00:20:42,01:49:42,01:29:00,89.0,0,Night,176.52,70.98,0
UK170,Vistara,BOM,BLR,BOM -> BLR,09:42:42,11:32:42,01:50:00,110.0,9,Morning,176.52,70.98,0
SJ051,SpiceJet,BOM,BLR,BOM -> BLR,08:40:42,12:18:42,03:38:00,218.0,8,Morning,176.52,70.98,0
UK186,Vistara,BOM,BLR,BOM -> BLR,23:05:42,02:22:42,03:17:00,197.0,23,Night,176.52,70.98,0
AI225,Air India,BOM,BLR,BOM -> BLR,15:05:42,16:01:42,00:56:00,56.0,15,Afternoon,176.52,70.98,0
6F100,IndiGo,BOM,BLR,BOM -> BLR,04:40:42,07:49:42,03:09:00,189.0,4,Night,176.52,70.98,0
6F029,IndiGo,BOM,BLR,BOM -> BLR,07:31:42,11:45:42,04:14:00,254.0,7,Morning,176.52,70.98,0
AI020,Air India,BOM,BLR,BOM -> BLR,03:53:42,06:21:42,02:28:00,148.0,3,Night,176.52,70.98,0
AI073,Air India,BOM,BLR,BOM -> BLR,14:08:42,16:10:42,02:02:00,122.0,14,Afternoon,176.52,70.98,0
SJ081,SpiceJet,BOM,BLR,BOM -> BLR,17:04:42,18:53:42,01:49:00,109.0,17,Evening,176.52,70.98,0
AI068,Air India,BOM,BLR,BOM -> BLR,02:48:42,04:48:42,02:00:00,120.0,2,Night,176.52,70.98,0
6F172,IndiGo,BOM,BLR,BOM -> BLR,09:53:42,14:46:42,04:53:00,293.0,9,Morning,176.52,70.98,1
UK072,Vistara,BOM,BLR,BOM -> BLR,02:55:42,05:55:42,03:00:00,180.0,2,Night,176.52,70.98,0
6F031,IndiGo,BOM,BLR,BOM -> BLR,02:00:42,06:37:42,04:37:00,277.0,2,Night,176.52,70.98,0
AI093,Air India,BOM,BLR,BOM -> BLR,12:35:42,17:28:42,04:53:00,293.0,12,Afternoon,176.52,70.98,1
AI155,Air India,BOM,CCU,BOM -> CCU,23:35:42,01:23:42,01:48:00,108.0,23,Night,169.51,72.02,0
6F026,IndiGo,BOM,CCU,BOM -> CCU,22:46:42,03:13:42,04:27:00,267.0,22,Night,169.51,72.02,0
SJ007,SpiceJet,BOM,CCU,BOM -> CCU,10:03:42,14:53:42,04:50:00,290.0,10,Morning,169.51,72.02,1
AI012,Air India,BOM,CCU,BOM -> CCU,05:44:42,09:47:42,04:03:00,243.0,5,Morning,169.51,72.02,0
6F058,IndiGo,BOM,CCU,BOM -> CCU,01:04:42,03:33:42,02:29:00,149.0,1,Night,169.51,72.02,0
6F256,IndiGo,BOM,CCU,BOM -> CCU,18:40:42,19:13:42,00:33:00,33.0,18,Evening,169.51,72.02,0
6F214,IndiGo,BOM,CCU,BOM -> CCU,01:21:42,05:20:42,03:59:00,239.0,1,Night,169.51,72.02,0
6F173,IndiGo,BOM,CCU,BOM -> CCU,12:19:42,13:08:42,00:49:00,49.0,12,Afternoon,169.51,72.02,0
UK128,Vistara,BOM,CCU,BOM -> CCU,11:22:42,14:11:42,02:49:00,169.0,11,Morning,169.51,72.02,0
UK213,Vistara,BOM,CCU,BOM -> CCU,23:21:42,01:01:42,01:40:00,100.0,23,Night,169.51,72.02,0
UK106,Vistara,BOM,CCU,BOM -> CCU,15:12:42,17:23:42,02:11:00,131.0,15,Afternoon,169.51,72.02,0
AI184,Air India,BOM,CCU,BOM -> CCU,15:03:42,17:03:42,02:00:00,120.0,15,Afternoon,169.51,72.02,0
UK094,Vistara,BOM,CCU,BOM -> CCU,23:26:42,01:11:42,01:45:00,105.0,23,Night,169.51,72.02,0
UK027,Vistara,BOM,CCU,BOM -> CCU,22:44:42,01:05:42,02:21:00,141.0,22,Night,169.51,72.02,0
SJ239,SpiceJet,BOM,CCU,BOM -> CCU,22:24:42,00:10:42,01:46:00,106.0,22,Night,169.51,72.02,0
SJ227,SpiceJet,BOM,CCU,BOM -> CCU,08:32:42,12:53:42,04:21:00,261.0,8,Morning,169.51,72.02,0
SJ057,SpiceJet,BOM,CCU,BOM -> CCU,02:17:42,05:29:42,03:12:00,192.0,2,Night,169.51,72.02,0
6F078,IndiGo,BOM,CCU,BOM -> CCU,22:04:42,23:37:42,01:33:00,93.0,22,Night,169.51,72.02,0
AI036,Air India,BOM,CCU,BOM -> CCU,14:45:42,16:16:42,01:31:00,91.0,14,Afternoon,169.51,72.02,0
AI203,Air India,BOM,CCU,BOM -> CCU,00:09:42,02:56:42,02:47:00,167.0,0,Night,169.51,72.02,0
SJ177,SpiceJet,BOM,CCU,BOM -> CCU,13:04:42,17:37:42,04:33:00,273.0,13,Afternoon,169.51,72.02,0
6F194,IndiGo,BOM,CCU,BOM -> CCU,16:29:42,18:27:42,01:58:00,118.0,16,Afternoon,169.51,72.02,0
SJ151,SpiceJet,BOM,CCU,BOM -> CCU,17:44:42,19:16:42,01:32:00,92.0,17,Evening,169.51,72.02,0
AI247,Air India,BOM,CCU,BOM -> CCU,15:58:42,19:02:42,03:04:00,184.0,15,Afternoon,169.51,72.02,0
AI018,Air India,BOM,CCU,BOM -> CCU,13:12:42,18:04:42,04:52:00,292.0,13,Afternoon,169.51,72.02,1
SJ230,SpiceJet,BOM,CCU,BOM -> CCU,06:22:42,10:57:42,04:35:00,275.0,6,Morning,169.51,72.02,0
SJ190,SpiceJet,BOM,CCU,BOM -> CCU,04:57:42,09:25:42,04:28:00,268.0,4,Night,169.51,72.02,0
AI245,Air India,BOM,CCU,BOM -> CCU,23:07:42,01:43:42,02:36:00,156.0,23,Night,169.51,72.02,0
AI058,Air India,BOM,CCU,BOM -> CCU,22:40:42,00:18:42,01:38:00,98.0,22,Night,169.51,72.02,0
6F182,IndiGo,BOM,CCU,BOM -> CCU,02:10:42,04:18:42,02:08:00,128.0,2,Night,169.51,72.02,0
6F015,IndiGo,BOM,CCU,BOM -> CCU,23:39:42,02:27:42,02:48:00,168.0,23,Night,169.51,72.02,0
AI016,Air India,BOM,CCU,BOM -> CCU,14:15:42,18:38:42,04:23:00,263.0,14,Afternoon,169.51,72.02,0
SJ097,SpiceJet,BOM,CCU,BOM -> CCU,02:37:42,05:27:42,02:50:00,170.0,2,Night,169.51,72.02,0
AI216,Air India,BOM,CCU,BOM -> CCU,01:10:42,02:34:42,01:24:00,84.0,1,Night,169.51,72.02,0
AI180,Air India,BOM,CCU,BOM -> CCU,10:19:42,11:00:42,00:41:00,41.0,10,Morning,169.51,72.02,0
AI197,Air India,BOM,CCU,BOM -> CCU,16:25:42,20:00:42,03:35:00,215.0,16,Afternoon,169.51,72.02,0
AI057,Air India,BOM,CCU,BOM -> CCU,15:53:42,19:22:42,03:29:00,209.0,15,Afternoon,169.51,72.02,0
AI218,Air India,BOM,CCU,BOM -> CCU,08:55:42,11:55:42,03:00:00,180.0,8,Morning,169.51,72.02,0
AI172,Air India,BOM,CCU,BOM -> CCU,19:08:42,19:53:42,00:45:00,45.0,19,Evening,169.51,72.02,0
AI129,Air India,BOM,CCU,BOM -> CCU,10:29:42,13:38:42,03:09:00,189.0,10,Morning,169.51,72.02,0
AI122,Air India,BOM,CCU,BOM -> CCU,18:25:42,22:36:42,04:11:00,251.0,18,Evening,169.51,72.02,0
SJ213,SpiceJet,BOM,CCU,BOM -> CCU,01:19:42,04:48:42,03:29:00,209.0,1,Night,169.51,72.02,0
AI008,Air India,BOM,CCU,BOM -> CCU,10:43:42,12:43:42,02:00:00,120.0,10,Morning,169.51,72.02,0
UK067,Vistara,BOM,CCU,BOM -> CCU,21:36:42,01:02:42,03:26:00,206.0,21,Night,169.51,72.02,0
UK152,Vistara,BOM,CCU,BOM -> CCU,17:24:42,20:13:42,02:49:00,169.0,17,Evening,169.51,72.02,0
SJ119,SpiceJet,BOM,CCU,BOM -> CCU,08:53:42,11:29:42,02:36:00,156.0,8,Morning,169.51,72.02,0
UK119,Vistara,BOM,CCU,BOM -> CCU,00:21:42,04:38:42,04:17:00,257.0,0,Night,169.51,72.02,0
SJ216,SpiceJet,BOM,CCU,BOM -> CCU,18:35:42,21:31:42,02:56:00,176.0,18,Evening,169.51,72.02,0
SJ018,SpiceJet,BOM,CCU,BOM -> CCU,10:58:42,13:31:42,02:33:00,153.0,10,Morning,169.51,72.02,0
AI019,Air India,BOM,CCU,BOM -> CCU,10:49:42,11:51:42,01:02:00,62.0,10,Morning,169.51,72.02,0
6F178,IndiGo,BOM,CCU,BOM -> CCU,04:48:42,09:11:42,04:23:00,263.0,4,Night,169.51,72.02,0
UK066,Vistara,BOM,CCU,BOM -> CCU,10:29:42,12:07:42,01:38:00,98.0,10,Morning,169.51,72.02,0
SJ217,SpiceJet,BOM,CCU,BOM -> CCU,02:57:42,06:04:42,03:07:00,187.0,2,Night,169.51,72.02,0
SJ133,SpiceJet,BOM,CCU,BOM -> CCU,18:50:42,21:29:42,02:39:00,159.0,18,Evening,169.51,72.02,0
UK151,Vistara,BOM,CCU,BOM -> CCU,10:11:42,13:30:42,03:19:00,199.0,10,Morning,169.51,72.02,0
AI153,Air India,BOM,CCU,BOM -> CCU,15:02:42,16:30:42,01:28:00,88.0,15,Afternoon,169.51,72.02,0
SJ185,SpiceJet,BOM,CCU,BOM -> CCU,14:21:42,15:21:42,01:00:00,60.0,14,Afternoon,169.51,72.02,0
SJ134,SpiceJet,BOM,CCU,BOM -> CCU,19:58:42,00:15:42,04:17:00,257.0,19,Evening,169.51,72.02,0
AI250,Air India,BOM,CCU,BOM -> CCU,20:48:42,00:12:42,03:24:00,204.0,20,Evening,169.51,72.02,0
UK199,Vistara,BOM,CCU,BOM -> CCU,15:24:42,18:55:42,03:31:00,211.0,15,Afternoon,169.51,72.02,0
AI223,Air India,BOM,CCU,BOM -> CCU,12:53:42,14:42:42,01:49:00,109.0,12,Afternoon,169.51,72.02,0
UK004,Vistara,BOM,CCU,BOM -> CCU,17:56:42,18:30:42,00:34:00,34.0,17,Evening,169.51,72.02,0
SJ228,SpiceJet,BOM,CCU,BOM -> CCU,08:29:42,12:16:42,03:47:00,227.0,8,Morning,169.51,72.02,0
6F166,IndiGo,BOM,CCU,BOM -> CCU,00:03:42,04:33:42,04:30:00,270.0,0,Night,169.51,72.02,0
6F075,IndiGo,BOM,CCU,BOM -> CCU,22:20:42,03:02:42,04:42:00,282.0,22,Night,169.51,72.02,1
AI237,Air India,BOM,CCU,BOM -> CCU,19:58:42,23:13:42,03:15:00,195.0,19,Evening,169.51,72.02,0
UK162,Vistara,BOM,CCU,BOM -> CCU,22:47:42,00:21:42,01:34:00,94.0,22,Night,169.51,72.02,0
AI110,Air India,BOM,CCU,BOM -> CCU,17:07:42,22:00:42,04:53:00,293.0,17,Evening,169.51,72.02,1
AI190,Air India,BOM,CCU,BOM -> CCU,12:38:42,15:56:42,03:18:00,198.0,12,Afternoon,169.51,72.02,0
6F141,IndiGo,BOM,CCU,BOM -> CCU,20:26:42,22:28:42,02:02:00,122.0,20,Evening,169.51,72.02,0
6F106,IndiGo,BOM,CCU,BOM -> CCU,00:10:42,01:52:42,01:42:00,102.0,0,Night,169.51,72.02,0
UK144,Vistara,BOM,CCU,BOM -> CCU,18:07:42,20:59:42,02:52:00,172.0,18,Evening,169.51,72.02,0
SJ237,SpiceJet,BOM,CCU,BOM -> CCU,16:32:42,19:00:42,02:28:00,148.0,16,Afternoon,169.51,72.02,0
6F052,IndiGo,BOM,CCU,BOM -> CCU,09:13:42,12:02:42,02:49:00,169.0,9,Morning,169.51,72.02,0
SJ195,SpiceJet,BOM,CCU,BOM -> CCU,20:41:42,23:54:42,03:13:00,193.0,20,Evening,169.51,72.02,0
UK222,Vistara,BOM,CCU,BOM -> CCU,01:22:42,02:57:42,01:35:00,95.0,1,Night,169.51,72.02,0
AI061,Air India,BOM,CCU,BOM -> CCU,23:31:42,01:02:42,01:31:00,91.0,23,Night,169.51,72.02,0
UK065,Vistara,BOM,CCU,BOM -> CCU,09:38:42,13:46:42,04:08:00,248.0,9,Morning,169.51,72.02,0
6F004,IndiGo,BOM,CCU,BOM -> CCU,19:53:42,23:33:42,03:40:00,220.0,19,Evening,169.51,72.02,0
SJ123,SpiceJet,BOM,CCU,BOM -> CCU,03:57:42,05:25:42,01:28:00,88.0,3,Night,169.51,72.02,0
UK018,Vistara,BOM,CCU,BOM -> CCU,02:15:42,04:08:42,01:53:00,113.0,2,Night,169.51,72.02,0
AI128,Air India,BOM,CCU,BOM -> CCU,06:07:42,10:03:42,03:56:00,236.0,6,Morning,169.51,72.02,0
SJ015,SpiceJet,BOM,CCU,BOM -> CCU,21:40:42,22:52:42,01:12:00,72.0,21,Night,169.51,72.02,0
6F113,IndiGo,BOM,CCU,BOM -> CCU,21:04:42,01:30:42,04:26:00,266.0,21,Night,169.51,72.02,0
6F013,IndiGo,BOM,CCU,BOM -> CCU,13:15:42,18:05:42,04:50:00,290.0,13,Afternoon,169.51,72.02,1
SJ040,SpiceJet,BOM,CCU,BOM -> CCU,13:12:42,16:44:42,03:32:00,212.0,13,Afternoon,169.51,72.02,0
SJ025,SpiceJet,BOM,CCU,BOM -> CCU,12:02:42,15:29:42,03:27:00,207.0,12,Afternoon,169.51,72.02,0
6F125,IndiGo,BOM,CCU,BOM -> CCU,17:09:42,21:13:42,04:04:00,244.0,17,Evening,169.51,72.02,0
SJ220,SpiceJet,BOM,CCU,BOM -> CCU,13:45:42,15:21:42,01:36:00,96.0,13,Afternoon,169.51,72.02,0
AI166,Air India,BOM,CCU,BOM -> CCU,04:20:42,07:23:42,03:03:00,183.0,4,Night,169.51,72.02,0
SJ130,SpiceJet,BOM,DEL,BOM -> DEL,16:53:42,20:53:42,04:00:00,240.0,16,Afternoon,153.82,75.28,0
SJ152,SpiceJet,BOM,DEL,BOM -> DEL,12:09:42,13:50:42,01:41:00,101.0,12,Afternoon,153.82,75.28,0
SJ156,SpiceJet,BOM,DEL,BOM -> DEL,06:59:42,07:34:42,00:35:00,35.0,6,Morning,153.82,75.28,0
6F259,IndiGo,BOM,DEL,BOM -> DEL,14:10:42,15:21:42,01:11:00,71.0,14,Afternoon,153.82,75.28,0
UK123,Vistara,BOM,DEL,BOM -> DEL,17:24:42,20:18:42,02:54:00,174.0,17,Evening,153.82,75.28,0
6F059,IndiGo,BOM,DEL,BOM -> DEL,01:12:42,06:02:42,04:50:00,290.0,1,Night,153.82,75.28,1
UK215,Vistara,BOM,DEL,BOM -> DEL,17:38:42,19:50:42,02:12:00,132.0,17,Evening,153.82,75.28,0
UK070,Vistara,BOM,DEL,BOM -> DEL,04:36:42,06:49:42,02:13:00,133.0,4,Night,153.82,75.28,0
AI222,Air India,BOM,DEL,BOM -> DEL,12:10:42,13:14:42,01:04:00,64.0,12,Afternoon,153.82,75.28,0
SJ235,SpiceJet,BOM,DEL,BOM -> DEL,09:57:42,13:45:42,03:48:00,228.0,9,Morning,153.82,75.28,0
6F238,IndiGo,BOM,DEL,BOM -> DEL,08:31:42,09:19:42,00:48:00,48.0,8,Morning,153.82,75.28,0
6F024,IndiGo,BOM,DEL,BOM -> DEL,07:31:42,11:17:42,03:46:00,226.0,7,Morning,153.82,75.28,0
UK064,Vistara,BOM,DEL,BOM -> DEL,12:25:42,14:55:42,02:30:00,150.0,12,Afternoon,153.82,75.28,0
AI150,Air India,BOM,DEL,BOM -> DEL,03:51:42,04:38:42,00:47:00,47.0,3,Night,153.82,75.28,0
6F169,IndiGo,BOM,DEL,BOM -> DEL,03:27:42,08:06:42,04:39:00,279.0,3,Night,153.82,75.28,1
SJ200,SpiceJet,BOM,DEL,BOM -> DEL,23:24:42,02:11:42,02:47:00,167.0,23,Night,153.82,75.28,0
UK009,Vistara,BOM,DEL,BOM -> DEL,11:34:42,13:41:42,02:07:00,127.0,11,Morning,153.82,75.28,0
6F234,IndiGo,BOM,DEL,BOM -> DEL,11:20:42,14:11:42,02:51:00,171.0,11,Morning,153.82,75.28,0
SJ246,SpiceJet,BOM,DEL,BOM -> DEL,02:47:42,03:47:42,01:00:00,60.0,2,Night,153.82,75.28,0
AI137,Air India,BOM,DEL,BOM -> DEL,22:49:42,01:17:42,02:28:00,148.0,22,Night,153.82,75.28,0
SJ127,SpiceJet,BOM,DEL,BOM -> DEL,01:21:42,03:58:42,02:37:00,157.0,1,Night,153.82,75.28,0
UK050,Vistara,BOM,DEL,BOM -> DEL,12:39:42,13:18:42,00:39:00,39.0,12,Afternoon,153.82,75.28,0
AI140,Air India,BOM,DEL,BOM -> DEL,22:25:42,02:08:42,03:43:00,223.0,22,Night,153.82,75.28,0
SJ222,SpiceJet,BOM,DEL,BOM -> DEL,14:15:42,17:09:42,02:54:00,174.0,14,Afternoon,153.82,75.28,0
SJ245,SpiceJet,BOM,DEL,BOM -> DEL,06:07:42,09:39:42,03:32:00,212.0,6,Morning,153.82,75.28,0
SJ082,SpiceJet,BOM,DEL,BOM -> DEL,01:54:42,02:33:42,00:39:00,39.0,1,Night,153.82,75.28,0
6F030,IndiGo,BOM,DEL,BOM -> DEL,14:20:42,17:10:42,02:50:00,170.0,14,Afternoon,153.82,75.28,0
6F236,IndiGo,BOM,DEL,BOM -> DEL,20:35:42,23:54:42,03:19:00,199.0,20,Evening,153.82,75.28,0
SJ219,SpiceJet,BOM,DEL,BOM -> DEL,09:32:42,14:09:42,04:37:00,277.0,9,Morning,153.82,75.28,1
SJ087,SpiceJet,BOM,DEL,BOM -> DEL,14:20:42,19:09:42,04:49:00,289.0,14,Afternoon,153.82,75.28,1
UK074,Vistara,BOM,DEL,BOM -> DEL,16:44:42,18:41:42,01:57:00,117.0,16,Afternoon,153.82,75.28,0
UK133,Vistara,BOM,DEL,BOM -> DEL,10:04:42,13:16:42,03:12:00,192.0,10,Morning,153.82,75.28,0
SJ109,SpiceJet,BOM,DEL,BOM -> DEL,17:24:42,20:28:42,03:04:00,184.0,17,Evening,153.82,75.28,0
AI142,Air India,BOM,DEL,BOM -> DEL,20:49:42,23:03:42,02:14:00,134.0,20,Evening,153.82,75.28,0
6F258,IndiGo,BOM,DEL,BOM -> DEL,13:54:42,16:49:42,02:55:00,175.0,13,Afternoon,153.82,75.28,0
UK131,Vistara,BOM,DEL,BOM -> DEL,15:33:42,19:39:42,04:06:00,246.0,15,Afternoon,153.82,75.28,0
UK132,Vistara,BOM,DEL,BOM -> DEL,14:12:42,16:19:42,02:07:00,127.0,14,Afternoon,153.82,75.28,0
AI220,Air India,BOM,DEL,BOM -> DEL,20:19:42,21:57:42,01:38:00,98.0,20,Evening,153.82,75.28,0
6F034,IndiGo,BOM,DEL,BOM -> DEL,11:53:42,12:49:42,00:56:00,56.0,11,Morning,153.82,75.28,0
UK127,Vistara,BOM,HYD,BOM -> HYD,15:56:42,20:00:42,04:04:00,244.0,15,Afternoon,180.85,76.73,0
UK145,Vistara,BOM,HYD,BOM -> HYD,18:30:42,20:41:42,02:11:00,131.0,18,Evening,180.85,76.73,0
UK164,Vistara,BOM,HYD,BOM -> HYD,16:46:42,21:10:42,04:24:00,264.0,16,Afternoon,180.85,76.73,0
6F207,IndiGo,BOM,HYD,BOM -> HYD,16:59:42,21:00:42,04:01:00,241.0,16,Afternoon,180.85,76.73,0
AI010,Air India,BOM,HYD,BOM -> HYD,15:00:42,19:48:42,04:48:00,288.0,15,Afternoon,180.85,76.73,0
UK089,Vistara,BOM,HYD,BOM -> HYD,15:38:42,19:50:42,04:12:00,252.0,15,Afternoon,180.85,76.73,0
SJ105,SpiceJet,BOM,HYD,BOM -> HYD,19:22:42,22:48:42,03:26:00,206.0,19,Evening,180.85,76.73,0
UK019,Vistara,BOM,HYD,BOM -> HYD,03:41:42,04:35:42,00:54:00,54.0,3,Night,180.85,76.73,0
6F043,IndiGo,BOM,HYD,BOM -> HYD,17:17:42,18:43:42,01:26:00,86.0,17,Evening,180.85,76.73,0
AI084,Air India,BOM,HYD,BOM -> HYD,08:31:42,09:46:42,01:15:00,75.0,8,Morning,180.85,76.73,0
SJ178,SpiceJet,BOM,HYD,BOM -> HYD,09:58:42,12:27:42,02:29:00,149.0,9,Morning,180.85,76.73,0
AI175,Air India,BOM,HYD,BOM -> HYD,03:08:42,06:55:42,03:47:00,227.0,3,Night,180.85,76.73,0
AI239,Air India,BOM,HYD,BOM -> HYD,14:33:42,17:47:42,03:14:00,194.0,14,Afternoon,180.85,76.73,0
UK078,Vistara,BOM,HYD,BOM -> HYD,01:03:42,04:32:42,03:29:00,209.0,1,Night,180.85,76.73,0
6F045,IndiGo,BOM,HYD,BOM -> HYD,23:04:42,03:38:42,04:34:00,274.0,23,Night,180.85,76.73,0
AI080,Air India,BOM,HYD,BOM -> HYD,23:03:42,00:35:42,01:32:00,92.0,23,Night,180.85,76.73,0
UK196,Vistara,BOM,HYD,BOM -> HYD,00:32:42,04:49:42,04:17:00,257.0,0,Night,180.85,76.73,0
SJ150,SpiceJet,BOM,HYD,BOM -> HYD,15:33:42,19:03:42,03:30:00,210.0,15,Afternoon,180.85,76.73,0
UK219,Vistara,BOM,HYD,BOM -> HYD,22:03:42,02:21:42,04:18:00,258.0,22,Night,180.85,76.73,0
6F243,IndiGo,BOM,HYD,BOM -> HYD,09:37:42,10:33:42,00:56:00,56.0,9,Morning,180.85,76.73,0
SJ115,SpiceJet,BOM,HYD,BOM -> HYD,21:05:42,23:10:42,02:05:00,125.0,21,Night,180.85,76.73,0
SJ240,SpiceJet,BOM,HYD,BOM -> HYD,16:42:42,20:21:42,03:39:00,219.0,16,Afternoon,180.85,76.73,0
AI149,Air India,BOM,HYD,BOM -> HYD,18:19:42,21:36:42,03:17:00,197.0,18,Evening,180.85,76.73,0
UK227,Vistara,BOM,HYD,BOM -> HYD,21:57:42,01:47:42,03:50:00,230.0,21,Night,180.85,76.73,0
6F020,IndiGo,BOM,HYD,BOM -> HYD,14:58:42,16:43:42,01:45:00,105.0,14,Afternoon,180.85,76.73,0
SJ014,SpiceJet,BOM,HYD,BOM -> HYD,05:40:42,06:39:42,00:59:00,59.0,5,Morning,180.85,76.73,0
6F187,IndiGo,BOM,MAA,BOM -> MAA,03:19:42,07:37:42,04:18:00,258.0,3,Night,183.41,80.06,0
SJ107,SpiceJet,BOM,MAA,BOM -> MAA,14:10:42,18:38:42,04:28:00,268.0,14,Afternoon,183.41,80.06,0
6F101,IndiGo,BOM,MAA,BOM -> MAA,03:18:42,08:15:42,04:57:00,297.0,3,Night,183.41,80.06,0
UK099,Vistara,BOM,MAA,BOM -> MAA,06:16:42,10:24:42,04:08:00,248.0,6,Morning,183.41,80.06,0
SJ001,SpiceJet,BOM,MAA,BOM -> MAA,20:28:42,01:15:42,04:47:00,287.0,20,Evening,183.41,80.06,0
SJ027,SpiceJet,BOM,MAA,BOM -> MAA,12:50:42,17:13:42,04:23:00,263.0,12,Afternoon,183.41,80.06,0
UK005,Vistara,BOM,MAA,BOM -> MAA,14:02:42,18:14:42,04:12:00,252.0,14,Afternoon,183.41,80.06,0
6F005,IndiGo,BOM,MAA,BOM -> MAA,11:04:42,15:27:42,04:23:00,263.0,11,Morning,183.41,80.06,0
SJ169,SpiceJet,BOM,MAA,BOM -> MAA,03:10:42,07:56:42,04:46:00,286.0,3,Night,183.41,80.06,0
6F037,IndiGo,BOM,MAA,BOM -> MAA,14:51:42,17:23:42,02:32:00,152.0,14,Afternoon,183.41,80.06,0
6F193,IndiGo,BOM,MAA,BOM -> MAA,00:34:42,02:32:42,01:58:00,118.0,0,Night,183.41,80.06,0
AI022,Air India,BOM,MAA,BOM -> MAA,03:15:42,05:10:42,01:55:00,115.0,3,Night,183.41,80.06,0
SJ214,SpiceJet,BOM,MAA,BOM -> MAA,20:54:42,22:10:42,01:16:00,76.0,20,Evening,183.41,80.06,0
6F181,IndiGo,BOM,MAA,BOM -> MAA,14:55:42,16:43:42,01:48:00,108.0,14,Afternoon,183.41,80.06,0
UK146,Vistara,BOM,MAA,BOM -> MAA,21:40:42,00:08:42,02:28:00,148.0,21,Night,183.41,80.06,0
UK137,Vistara,BOM,MAA,BOM -> MAA,07:04:42,09:14:42,02:10:00,130.0,7,Morning,183.41,80.06,0
AI207,Air India,BOM,MAA,BOM -> MAA,08:24:42,11:23:42,02:59:00,179.0,8,Morning,183.41,80.06,0
UK013,Vistara,BOM,MAA,BOM -> MAA,23:52:42,02:52:42,03:00:00,180.0,23,Night,183.41,80.06,0
SJ046,SpiceJet,BOM,MAA,BOM -> MAA,22:01:42,01:25:42,03:24:00,204.0,22,Night,183.41,80.06,0
AI027,Air India,BOM,MAA,BOM -> MAA,19:41:42,23:23:42,03:42:00,222.0,19,Evening,183.41,80.06,0
6F114,IndiGo,BOM,MAA,BOM -> MAA,20:10:42,21:00:42,00:50:00,50.0,20,Evening,183.41,80.06,0
AI071,Air India,BOM,MAA,BOM -> MAA,19:55:42,22:58:42,03:03:00,183.0,19,Evening,183.41,80.06,0
UK095,Vistara,BOM,MAA,BOM -> MAA,05:22:42,07:36:42,02:14:00,134.0,5,Morning,183.41,80.06,0
6F056,IndiGo,BOM,MAA,BOM -> MAA,07:00:42,08:49:42,01:49:00,109.0,7,Morning,183.41,80.06,0
AI234,Air India,BOM,MAA,BOM -> MAA,23:50:42,01:34:42,01:44:00,104.0,23,Night,183.41,80.06,0
UK158,Vistara,BOM,MAA,BOM -> MAA,20:49:42,21:22:42,00:33:00,33.0,20,Evening,183.41,80.06,0
SJ011,SpiceJet,BOM,MAA,BOM -> MAA,05:14:42,09:59:42,04:45:00,285.0,5,Morning,183.41,80.06,0
UK086,Vistara,CCU,BLR,CCU -> BLR,23:55:42,02:27:42,02:32:00,152.0,23,Night,167.35,77.81,0
6F107,IndiGo,CCU,BLR,CCU -> BLR,14:14:42,17:14:42,03:00:00,180.0,14,Afternoon,167.35,77.81,0
SJ128,SpiceJet,CCU,BLR,CCU -> BLR,07:39:42,10:42:42,03:03:00,183.0,7,Morning,167.35,77.81,0
6F088,IndiGo,CCU,BLR,CCU -> BLR,05:51:42,08:22:42,02:31:00,151.0,5,Morning,167.35,77.81,0
AI102,Air India,CCU,BLR,CCU -> BLR,00:17:42,05:08:42,04:51:00,291.0,0,Night,167.35,77.81,1
AI217,Air India,CCU,BLR,CCU -> BLR,04:57:42,07:14:42,02:17:00,137.0,4,Night,167.35,77.81,0
6F230,IndiGo,CCU,BLR,CCU -> BLR,03:34:42,06:47:42,03:13:00,193.0,3,Night,167.35,77.81,0
6F036,IndiGo,CCU,BLR,CCU -> BLR,02:14:42,06:57:42,04:43:00,283.0,2,Night,167.35,77.81,0
SJ073,SpiceJet,CCU,BLR,CCU -> BLR,09:26:42,11:14:42,01:48:00,108.0,9,Morning,167.35,77.81,0
6F153,IndiGo,CCU,BLR,CCU -> BLR,08:23:42,12:20:42,03:57:00,237.0,8,Morning,167.35,77.81,0
6F250,IndiGo,CCU,BLR,CCU -> BLR,02:23:42,02:56:42,00:33:00,33.0,2,Night,167.35,77.81,0
UK036,Vistara,CCU,BLR,CCU -> BLR,19:48:42,00:12:42,04:24:00,264.0,19,Evening,167.35,77.81,0
AI230,Air India,CCU,BLR,CCU -> BLR,20:37:42,00:22:42,03:45:00,225.0,20,Evening,167.35,77.81,0
UK159,Vistara,CCU,BLR,CCU -> BLR,20:45:42,23:32:42,02:47:00,167.0,20,Evening,167.35,77.81,0
SJ009,SpiceJet,CCU,BLR,CCU -> BLR,02:48:42,04:23:42,01:35:00,95.0,2,Night,167.35,77.81,0
AI178,Air India,CCU,BLR,CCU -> BLR,13:04:42,14:03:42,00:59:00,59.0,13,Afternoon,167.35,77.81,0
AI079,Air India,CCU,BLR,CCU -> BLR,11:04:42,13:19:42,02:15:00,135.0,11,Morning,167.35,77.81,0
UK008,Vistara,CCU,BLR,CCU -> BLR,03:57:42,04:34:42,00:37:00,37.0,3,Night,167.35,77.81,0
UK100,Vistara,CCU,BLR,CCU -> BLR,04:40:42,07:12:42,02:32:00,152.0,4,Night,167.35,77.81,0
6F192,IndiGo,CCU,BLR,CCU -> BLR,12:20:42,16:45:42,04:25:00,265.0,12,Afternoon,167.35,77.81,0
6F017,IndiGo,CCU,BOM,CCU -> BOM,15:25:42,18:06:42,02:41:00,161.0,15,Afternoon,163.97,81.22,0
AI156,Air India,CCU,BOM,CCU -> BOM,07:39:42,09:22:42,01:43:00,103.0,7,Morning,163.97,81.22,0
SJ122,SpiceJet,CCU,BOM,CCU -> BOM,05:22:42,10:09:42,04:47:00,287.0,5,Morning,163.97,81.22,1
AI017,Air India,CCU,BOM,CCU -> BOM,05:15:42,08:48:42,03:33:00,213.0,5,Morning,163.97,81.22,0
6F104,IndiGo,CCU,BOM,CCU -> BOM,05:39:42,06:14:42,00:35:00,35.0,5,Morning,163.97,81.22,0
UK116,Vistara,CCU,BOM,CCU -> BOM,03:18:42,07:06:42,03:48:00,228.0,3,Night,163.97,81.22,0
AI055,Air India,CCU,BOM,CCU -> BOM,14:39:42,16:18:42,01:39:00,99.0,14,Afternoon,163.97,81.22,0
6F201,IndiGo,CCU,BOM,CCU -> BOM,02:09:42,06:49:42,04:40:00,280.0,2,Night,163.97,81.22,0
AI116,Air India,CCU,BOM,CCU -> BOM,22:30:42,01:57:42,03:27:00,207.0,22,Night,163.97,81.22,0
6F208,IndiGo,CCU,BOM,CCU -> BOM,08:27:42,11:34:42,03:07:00,187.0,8,Morning,163.97,81.22,0
AI089,Air India,CCU,BOM,CCU -> BOM,04:05:42,04:47:42,00:42:00,42.0,4,Night,163.97,81.22,0
6F162,IndiGo,CCU,BOM,CCU -> BOM,14:50:42,17:44:42,02:54:00,174.0,14,Afternoon,163.97,81.22,0
UK091,Vistara,CCU,BOM,CCU -> BOM,13:37:42,17:31:42,03:54:00,234.0,13,Afternoon,163.97,81.22,0
SJ182,SpiceJet,CCU,BOM,CCU -> BOM,16:48:42,17:36:42,00:48:00,48.0,16,Afternoon,163.97,81.22,0
AI092,Air India,CCU,BOM,CCU -> BOM,13:36:42,16:20:42,02:44:00,164.0,13,Afternoon,163.97,81.22,0
AI074,Air India,CCU,BOM,CCU -> BOM,12:03:42,12:50:42,00:47:00,47.0,12,Afternoon,163.97,81.22,0
6F239,IndiGo,CCU,BOM,CCU -> BOM,15:24:42,17:37:42,02:13:00,133.0,15,Afternoon,163.97,81.22,0
SJ168,SpiceJet,CCU,BOM,CCU -> BOM,08:17:42,12:29:42,04:12:00,252.0,8,Morning,163.97,81.22,0
UK194,Vistara,CCU,BOM,CCU -> BOM,08:26:42,09:26:42,01:00:00,60.0,8,Morning,163.97,81.22,0
AI100,Air India,CCU,BOM,CCU -> BOM,14:42:42,18:22:42,03:40:00,220.0,14,Afternoon,163.97,81.22,0
AI161,Air India,CCU,BOM,CCU -> BOM,16:40:42,19:40:42,03:00:00,180.0,16,Afternoon,163.97,81.22,0
SJ028,SpiceJet,CCU,BOM,CCU -> BOM,15:04:42,19:32:42,04:28:00,268.0,15,Afternoon,163.97,81.22,0
SJ165,SpiceJet,CCU,BOM,CCU -> BOM,20:08:42,23:18:42,03:10:00,190.0,20,Evening,163.97,81.22,0
AI185,Air India,CCU,BOM,CCU -> BOM,12:16:42,16:18:42,04:02:00,242.0,12,Afternoon,163.97,81.22,0
AI081,Air India,CCU,BOM,CCU -> BOM,21:03:42,22:51:42,01:48:00,108.0,21,Night,163.97,81.22,0
6F159,IndiGo,CCU,BOM,CCU -> BOM,02:08:42,02:43:42,00:35:00,35.0,2,Night,163.97,81.22,0
6F245,IndiGo,CCU,BOM,CCU -> BOM,15:25:42,18:06:42,02:41:00,161.0,15,Afternoon,163.97,81.22,0
SJ142,SpiceJet,CCU,BOM,CCU -> BOM,15:14:42,16:56:42,01:42:00,102.0,15,Afternoon,163.97,81.22,0
SJ198,SpiceJet,CCU,BOM,CCU -> BOM,00:47:42,05:28:42,04:41:00,281.0,0,Night,163.97,81.22,0
6F148,IndiGo,CCU,BOM,CCU -> BOM,20:23:42,22:30:42,02:07:00,127.0,20,Evening,163.97,81.22,0
UK157,Vistara,CCU,BOM,CCU -> BOM,02:41:42,03:41:42,01:00:00,60.0,2,Night,163.97,81.22,0
AI011,Air India,CCU,BOM,CCU -> BOM,16:58:42,21:01:42,04:03:00,243.0,16,Afternoon,163.97,81.22,0
SJ129,SpiceJet,CCU,BOM,CCU -> BOM,01:48:42,05:48:42,04:00:00,240.0,1,Night,163.97,81.22,0
AI189,Air India,CCU,DEL,CCU -> DEL,03:44:42,05:32:42,01:48:00,108.0,3,Night,153.61,76.96,0
6F176,IndiGo,CCU,DEL,CCU -> DEL,20:23:42,23:23:42,03:00:00,180.0,20,Evening,153.61,76.96,0
AI105,Air India,CCU,DEL,CCU -> DEL,20:16:42,22:03:42,01:47:00,107.0,20,Evening,153.61,76.96,0
AI053,Air India,CCU,DEL,CCU -> DEL,18:04:42,22:19:42,04:15:00,255.0,18,Evening,153.61,76.96,0
SJ106,SpiceJet,CCU,DEL,CCU -> DEL,07:16:42,09:40:42,02:24:00,144.0,7,Morning,153.61,76.96,0
6F260,IndiGo,CCU,DEL,CCU -> DEL,21:51:42,01:14:42,03:23:00,203.0,21,Night,153.61,76.96,0
UK069,Vistara,CCU,DEL,CCU -> DEL,01:10:42,03:23:42,02:13:00,133.0,1,Night,153.61,76.96,0
SJ035,SpiceJet,CCU,DEL,CCU -> DEL,20:15:42,21:15:42,01:00:00,60.0,20,Evening,153.61,76.96,0
SJ215,SpiceJet,CCU,DEL,CCU -> DEL,14:37:42,16:12:42,01:35:00,95.0,14,Afternoon,153.61,76.96,0
SJ053,SpiceJet,CCU,DEL,CCU -> DEL,05:00:42,06:38:42,01:38:00,98.0,5,Morning,153.61,76.96,0
UK046,Vistara,CCU,DEL,CCU -> DEL,03:37:42,06:05:42,02:28:00,148.0,3,Night,153.61,76.96,0
6F145,IndiGo,CCU,DEL,CCU -> DEL,01:02:42,02:18:42,01:16:00,76.0,1,Night,153.61,76.96,0
UK147,Vistara,CCU,DEL,CCU -> DEL,23:35:42,02:55:42,03:20:00,200.0,23,Night,153.61,76.96,0
6F077,IndiGo,CCU,DEL,CCU -> DEL,14:55:42,19:13:42,04:18:00,258.0,14,Afternoon,153.61,76.96,0
SJ193,SpiceJet,CCU,DEL,CCU -> DEL,09:37:42,12:16:42,02:39:00,159.0,9,Morning,153.61,76.96,0
SJ174,SpiceJet,CCU,DEL,CCU -> DEL,04:09:42,05:04:42,00:55:00,55.0,4,Night,153.61,76.96,0
SJ110,SpiceJet,CCU,DEL,CCU -> DEL,01:47:42,02:20:42,00:33:00,33.0,1,Night,153.61,76.96,0
UK057,Vistara,CCU,DEL,CCU -> DEL,15:25:42,20:04:42,04:39:00,279.0,15,Afternoon,153.61,76.96,1
6F154,IndiGo,CCU,DEL,CCU -> DEL,11:26:42,12:23:42,00:57:00,57.0,11,Morning,153.61,76.96,0
SJ137,SpiceJet,CCU,DEL,CCU -> DEL,06:08:42,10:14:42,04:06:00,246.0,6,Morning,153.61,76.96,0
SJ059,SpiceJet,CCU,DEL,CCU -> DEL,02:50:42,04:06:42,01:16:00,76.0,2,Night,153.61,76.96,0
SJ229,SpiceJet,CCU,DEL,CCU -> DEL,22:25:42,00:27:42,02:02:00,122.0,22,Night,153.61,76.96,0
SJ049,SpiceJet,CCU,DEL,CCU -> DEL,20:26:42,00:26:42,04:00:00,240.0,20,Evening,153.61,76.96,0
UK223,Vistara,CCU,DEL,CCU -> DEL,21:58:42,22:30:42,00:32:00,32.0,21,Night,153.61,76.96,0
SJ204,SpiceJet,CCU,DEL,CCU -> DEL,16:34:42,18:15:42,01:41:00,101.0,16,Afternoon,153.61,76.96,0
UK031,Vistara,CCU,DEL,CCU -> DEL,03:45:42,07:20:42,03:35:00,215.0,3,Night,153.61,76.96,0
6F137,IndiGo,CCU,DEL,CCU -> DEL,10:45:42,15:01:42,04:16:00,256.0,10,Morning,153.61,76.96,0
AI214,Air India,CCU,DEL,CCU -> DEL,22:23:42,02:49:42,04:26:00,266.0,22,Night,153.61,76.96,0
SJ141,SpiceJet,CCU,DEL,CCU -> DEL,10:00:42,13:37:42,03:37:00,217.0,10,Morning,153.61,76.96,0
SJ064,SpiceJet,CCU,DEL,CCU -> DEL,06:29:42,08:43:42,02:14:00,134.0,6,Morning,153.61,76.96,0
AI043,Air India,CCU,DEL,CCU -> DEL,00:28:42,04:37:42,04:09:00,249.0,0,Night,153.61,76.96,0
SJ159,SpiceJet,CCU,DEL,CCU -> DEL,12:22:42,14:05:42,01:43:00,103.0,12,Afternoon,153.61,76.96,0
6F195,IndiGo,CCU,DEL,CCU -> DEL,21:44:42,22:39:42,00:55:00,55.0,21,Night,153.61,76.96,0
UK030,Vistara,CCU,DEL,CCU -> DEL,15:11:42,19:38:42,04:27:00,267.0,15,Afternoon,153.61,76.96,0
6F152,IndiGo,CCU,DEL,CCU -> DEL,15:21:42,17:25:42,02:04:00,124.0,15,Afternoon,153.61,76.96,0
SJ186,SpiceJet,CCU,DEL,CCU -> DEL,05:11:42,07:22:42,02:11:00,131.0,5,Morning,153.61,76.96,0
UK113,Vistara,CCU,DEL,CCU -> DEL,18:34:42,22:58:42,04:24:00,264.0,18,Evening,153.61,76.96,0
6F185,IndiGo,CCU,DEL,CCU -> DEL,07:49:42,10:08:42,02:19:00,139.0,7,Morning,153.61,76.96,0
UK200,Vistara,CCU,DEL,CCU -> DEL,20:54:42,22:45:42,01:51:00,111.0,20,Evening,153.61,76.96,0
6F143,IndiGo,CCU,DEL,CCU -> DEL,02:09:42,06:08:42,03:59:00,239.0,2,Night,153.61,76.96,0
UK112,Vistara,CCU,DEL,CCU -> DEL,17:05:42,19:47:42,02:42:00,162.0,17,Evening,153.61,76.96,0
UK098,Vistara,CCU,DEL,CCU -> DEL,13:38:42,17:54:42,04:16:00,256.0,13,Afternoon,153.61,76.96,0
AI059,Air India,CCU,DEL,CCU -> DEL,09:16:42,11:43:42,02:27:00,147.0,9,Morning,153.61,76.96,0
UK001,Vistara,CCU,DEL,CCU -> DEL,05:06:42,06:31:42,01:25:00,85.0,5,Morning,153.61,76.96,0
SJ194,SpiceJet,CCU,DEL,CCU -> DEL,22:46:42,02:31:42,03:45:00,225.0,22,Night,153.61,76.96,0
AI096,Air India,CCU,DEL,CCU -> DEL,21:48:42,02:46:42,04:58:00,298.0,21,Night,153.61,76.96,1
AI070,Air India,CCU,DEL,CCU -> DEL,00:05:42,01:44:42,01:39:00,99.0,0,Night,153.61,76.96,0
6F136,IndiGo,CCU,DEL,CCU -> DEL,20:24:42,21:01:42,00:37:00,37.0,20,Evening,153.61,76.96,0
AI042,Air India,CCU,DEL,CCU -> DEL,09:53:42,10:57:42,01:04:00,64.0,9,Morning,153.61,76.96,0
AI125,Air India,CCU,DEL,CCU -> DEL,01:12:42,04:51:42,03:39:00,219.0,1,Night,153.61,76.96,0
SJ184,SpiceJet,CCU,DEL,CCU -> DEL,16:32:42,21:00:42,04:28:00,268.0,16,Afternoon,153.61,76.96,0
6F093,IndiGo,CCU,DEL,CCU -> DEL,16:09:42,20:00:42,03:51:00,231.0,16,Afternoon,153.61,76.96,0
SJ172,SpiceJet,CCU,DEL,CCU -> DEL,21:58:42,01:14:42,03:16:00,196.0,21,Night,153.61,76.96,0
AI248,Air India,CCU,DEL,CCU -> DEL,15:17:42,16:35:42,01:18:00,78.0,15,Afternoon,153.61,76.96,0
6F261,IndiGo,CCU,DEL,CCU -> DEL,14:31:42,17:29:42,02:58:00,178.0,14,Afternoon,153.61,76.96,0
UK221,Vistara,CCU,DEL,CCU -> DEL,14:18:42,18:44:42,04:26:00,266.0,14,Afternoon,153.61,76.96,0
SJ121,SpiceJet,CCU,DEL,CCU -> DEL,05:32:42,06:47:42,01:15:00,75.0,5,Morning,153.61,76.96,0
UK011,Vistara,CCU,DEL,CCU -> DEL,04:41:42,06:25:42,01:44:00,104.0,4,Night,153.61,76.96,0
6F117,IndiGo,CCU,DEL,CCU -> DEL,00:46:42,01:51:42,01:05:00,65.0,0,Night,153.61,76.96,0
UK126,Vistara,CCU,DEL,CCU -> DEL,22:37:42,00:03:42,01:26:00,86.0,22,Night,153.61,76.96,0
AI169,Air India,CCU,DEL,CCU -> DEL,21:21:42,01:34:42,04:13:00,253.0,21,Night,153.61,76.96,0
SJ183,SpiceJet,CCU,DEL,CCU -> DEL,17:44:42,19:40:42,01:56:00,116.0,17,Evening,153.61,76.96,0
AI048,Air India,CCU,DEL,CCU -> DEL,22:23:42,02:15:42,03:52:00,232.0,22,Night,153.61,76.96,0
UK174,Vistara,CCU,DEL,CCU -> DEL,05:27:42,07:47:42,02:20:00,140.0,5,Morning,153.61,76.96,0
6F064,IndiGo,CCU,DEL,CCU -> DEL,21:45:42,22:50:42,01:05:00,65.0,21,Night,153.61,76.96,0
AI114,Air India,CCU,DEL,CCU -> DEL,07:48:42,09:03:42,01:15:00,75.0,7,Morning,153.61,76.96,0
AI075,Air India,CCU,DEL,CCU -> DEL,13:51:42,16:49:42,02:58:00,178.0,13,Afternoon,153.61,76.96,0
AI158,Air India,CCU,DEL,CCU -> DEL,06:04:42,09:01:42,02:57:00,177.0,6,Morning,153.61,76.96,0
AI143,Air India,CCU,DEL,CCU -> DEL,03:58:42,04:36:42,00:38:00,38.0,3,Night,153.61,76.96,0
SJ086,SpiceJet,CCU,DEL,CCU -> DEL,00:32:42,04:17:42,03:45:00,225.0,0,Night,153.61,76.96,0
SJ101,SpiceJet,CCU,DEL,CCU -> DEL,05:17:42,06:57:42,01:40:00,100.0,5,Morning,153.61,76.96,0
6F062,IndiGo,CCU,DEL,CCU -> DEL,04:55:42,06:22:42,01:27:00,87.0,4,Night,153.61,76.96,0
6F012,IndiGo,CCU,HYD,CCU -> HYD,18:06:42,21:31:42,03:25:00,205.0,18,Evening,152.24,70.13,0
SJ166,SpiceJet,CCU,HYD,CCU -> HYD,12:51:42,16:18:42,03:27:00,207.0,12,Afternoon,152.24,70.13,0
AI086,Air India,CCU,HYD,CCU -> HYD,07:13:42,10:09:42,02:56:00,176.0,7,Morning,152.24,70.13,0
SJ202,SpiceJet,CCU,HYD,CCU -> HYD,17:21:42,19:08:42,01:47:00,107.0,17,Evening,152.24,70.13,0
6F084,IndiGo,CCU,HYD,CCU -> HYD,10:34:42,11:34:42,01:00:00,60.0,10,Morning,152.24,70.13,0
6F118,IndiGo,CCU,HYD,CCU -> HYD,19:52:42,21:01:42,01:09:00,69.0,19,Evening,152.24,70.13,0
AI030,Air India,CCU,HYD,CCU -> HYD,13:33:42,16:52:42,03:19:00,199.0,13,Afternoon,152.24,70.13,0
SJ173,SpiceJet,CCU,HYD,CCU -> HYD,14:27:42,16:09:42,01:42:00,102.0,14,Afternoon,152.24,70.13,0
6F076,IndiGo,CCU,HYD,CCU -> HYD,15:35:42,16:20:42,00:45:00,45.0,15,Afternoon,152.24,70.13,0
AI077,Air India,CCU,HYD,CCU -> HYD,13:45:42,14:51:42,01:06:00,66.0,13,Afternoon,152.24,70.13,0
6F035,IndiGo,CCU,HYD,CCU -> HYD,19:16:42,23:40:42,04:24:00,264.0,19,Evening,152.24,70.13,1
AI124,Air India,CCU,HYD,CCU -> HYD,20:28:42,00:00:42,03:32:00,212.0,20,Evening,152.24,70.13,0
AI254,Air India,CCU,HYD,CCU -> HYD,04:46:42,08:06:42,03:20:00,200.0,4,Night,152.24,70.13,0
AI113,Air India,CCU,HYD,CCU -> HYD,21:21:42,23:51:42,02:30:00,150.0,21,Night,152.24,70.13,0
UK153,Vistara,CCU,HYD,CCU -> HYD,16:52:42,20:53:42,04:01:00,241.0,16,Afternoon,152.24,70.13,0
AI188,Air India,CCU,HYD,CCU -> HYD,20:16:42,23:02:42,02:46:00,166.0,20,Evening,152.24,70.13,0
6F151,IndiGo,CCU,HYD,CCU -> HYD,19:44:42,22:04:42,02:20:00,140.0,19,Evening,152.24,70.13,0
6F140,IndiGo,CCU,HYD,CCU -> HYD,16:30:42,18:21:42,01:51:00,111.0,16,Afternoon,152.24,70.13,0
SJ041,SpiceJet,CCU,HYD,CCU -> HYD,18:24:42,22:59:42,04:35:00,275.0,18,Evening,152.24,70.13,1
UK105,Vistara,CCU,HYD,CCU -> HYD,17:04:42,18:11:42,01:07:00,67.0,17,Evening,152.24,70.13,0
AI177,Air India,CCU,HYD,CCU -> HYD,14:11:42,16:26:42,02:15:00,135.0,14,Afternoon,152.24,70.13,0
SJ088,SpiceJet,CCU,MAA,CCU -> MAA,13:54:42,14:26:42,00:32:00,32.0,13,Afternoon,171.29,79.96,0
SJ164,SpiceJet,CCU,MAA,CCU -> MAA,13:14:42,15:14:42,02:00:00,120.0,13,Afternoon,171.29,79.96,0
6F266,IndiGo,CCU,MAA,CCU -> MAA,09:49:42,11:17:42,01:28:00,88.0,9,Morning,171.29,79.96,0
6F158,IndiGo,CCU,MAA,CCU -> MAA,11:58:42,16:04:42,04:06:00,246.0,11,Morning,171.29,79.96,0
AI091,Air India,CCU,MAA,CCU -> MAA,10:52:42,15:15:42,04:23:00,263.0,10,Morning,171.29,79.96,0
AI049,Air India,CCU,MAA,CCU -> MAA,13:35:42,15:48:42,02:13:00,133.0,13,Afternoon,171.29,79.96,0
6F196,IndiGo,CCU,MAA,CCU -> MAA,23:04:42,00:47:42,01:43:00,103.0,23,Night,171.29,79.96,0
SJ010,SpiceJet,CCU,MAA,CCU -> MAA,23:38:42,02:32:42,02:54:00,174.0,23,Night,171.29,79.96,0
UK224,Vistara,CCU,MAA,CCU -> MAA,16:25:42,20:24:42,03:59:00,239.0,16,Afternoon,171.29,79.96,0
AI238,Air India,CCU,MAA,CCU -> MAA,19:25:42,00:07:42,04:42:00,282.0,19,Evening,171.29,79.96,0
6F126,IndiGo,CCU,MAA,CCU -> MAA,08:21:42,09:39:42,01:18:00,78.0,8,Morning,171.29,79.96,0
AI047,Air India,CCU,MAA,CCU -> MAA,06:36:42,07:23:42,00:47:00,47.0,6,Morning,171.29,79.96,0
AI195,Air India,CCU,MAA,CCU -> MAA,02:58:42,04:57:42,01:59:00,119.0,2,Night,171.29,79.96,0
AI198,Air India,CCU,MAA,CCU -> MAA,10:56:42,14:19:42,03:23:00,203.0,10,Morning,171.29,79.96,0
AI204,Air India,CCU,MAA,CCU -> MAA,13:40:42,18:38:42,04:58:00,298.0,13,Afternoon,171.29,79.96,1
SJ026,SpiceJet,CCU,MAA,CCU -> MAA,05:22:42,09:40:42,04:18:00,258.0,5,Morning,171.29,79.96,0
6F142,IndiGo,CCU,MAA,CCU -> MAA,02:05:42,06:04:42,03:59:00,239.0,2,Night,171.29,79.96,0
AI052,Air India,CCU,MAA,CCU -> MAA,13:06:42,15:42:42,02:36:00,156.0,13,Afternoon,171.29,79.96,0
SJ071,SpiceJet,CCU,MAA,CCU -> MAA,17:43:42,19:32:42,01:49:00,109.0,17,Evening,171.29,79.96,0
6F103,IndiGo,CCU,MAA,CCU -> MAA,15:37:42,18:32:42,02:55:00,175.0,15,Afternoon,171.29,79.96,0
SJ080,SpiceJet,CCU,MAA,CCU -> MAA,16:04:42,17:59:42,01:55:00,115.0,16,Afternoon,171.29,79.96,0
AI206,Air India,CCU,MAA,CCU -> MAA,16:30:42,20:01:42,03:31:00,211.0,16,Afternoon,171.29,79.96,0
UK180,Vistara,CCU,MAA,CCU -> MAA,21:18:42,23:29:42,02:11:00,131.0,21,Night,171.29,79.96,0
UK002,Vistara,CCU,MAA,CCU -> MAA,14:28:42,19:20:42,04:52:00,292.0,14,Afternoon,171.29,79.96,1
SJ125,SpiceJet,DEL,BLR,DEL -> BLR,14:21:42,16:55:42,02:34:00,154.0,14,Afternoon,170.03,73.43,0
UK178,Vistara,DEL,BLR,DEL -> BLR,23:41:42,04:09:42,04:28:00,268.0,23,Night,170.03,73.43,0
AI094,Air India,DEL,BLR,DEL -> BLR,14:44:42,15:44:42,01:00:00,60.0,14,Afternoon,170.03,73.43,0
6F010,IndiGo,DEL,BLR,DEL -> BLR,23:53:42,03:44:42,03:51:00,231.0,23,Night,170.03,73.43,0
SJ139,SpiceJet,DEL,BLR,DEL -> BLR,02:20:42,06:02:42,03:42:00,222.0,2,Night,170.03,73.43,0
6F171,IndiGo,DEL,BLR,DEL -> BLR,17:03:42,18:12:42,01:09:00,69.0,17,Evening,170.03,73.43,0
SJ022,SpiceJet,DEL,BLR,DEL -> BLR,07:56:42,11:07:42,03:11:00,191.0,7,Morning,170.03,73.43,0
UK079,Vistara,DEL,BLR,DEL -> BLR,06:43:42,10:34:42,03:51:00,231.0,6,Morning,170.03,73.43,0
UK165,Vistara,DEL,BLR,DEL -> BLR,01:51:42,06:04:42,04:13:00,253.0,1,Night,170.03,73.43,0
AI232,Air India,DEL,BLR,DEL -> BLR,06:43:42,10:13:42,03:30:00,210.0,6,Morning,170.03,73.43,0
UK108,Vistara,DEL,BLR,DEL -> BLR,00:28:42,03:46:42,03:18:00,198.0,0,Night,170.03,73.43,0
SJ148,SpiceJet,DEL,BLR,DEL -> BLR,09:51:42,13:41:42,03:50:00,230.0,9,Morning,170.03,73.43,0
SJ126,SpiceJet,DEL,BLR,DEL -> BLR,13:47:42,16:31:42,02:44:00,164.0,13,Afternoon,170.03,73.43,0
AI112,Air India,DEL,BLR,DEL -> BLR,04:41:42,08:24:42,03:43:00,223.0,4,Night,170.03,73.43,0
UK198,Vistara,DEL,BLR,DEL -> BLR,16:43:42,18:18:42,01:35:00,95.0,16,Afternoon,170.03,73.43,0
6F018,IndiGo,DEL,BLR,DEL -> BLR,10:57:42,11:43:42,00:46:00,46.0,10,Morning,170.03,73.43,0
6F122,IndiGo,DEL,BLR,DEL -> BLR,01:44:42,05:28:42,03:44:00,224.0,1,Night,170.03,73.43,0
6F046,IndiGo,DEL,BLR,DEL -> BLR,01:27:42,05:08:42,03:41:00,221.0,1,Night,170.03,73.43,0
SJ231,SpiceJet,DEL,BLR,DEL -> BLR,04:23:42,05:48:42,01:25:00,85.0,4,Night,170.03,73.43,0
UK034,Vistara,DEL,BLR,DEL -> BLR,06:47:42,10:11:42,03:24:00,204.0,6,Morning,170.03,73.43,0
UK138,Vistara,DEL,BLR,DEL -> BLR,16:47:42,19:36:42,02:49:00,169.0,16,Afternoon,170.03,73.43,0
6F060,IndiGo,DEL,BLR,DEL -> BLR,05:29:42,07:29:42,02:00:00,120.0,5,Morning,170.03,73.43,0
6F250,IndiGo,DEL,BLR,DEL -> BLR,03:26:42,07:30:42,04:04:00,244.0,3,Night,170.03,73.43,0
UK190,Vistara,DEL,BLR,DEL -> BLR,15:49:42,18:53:42,03:04:00,184.0,15,Afternoon,170.03,73.43,0
AI101,Air India,DEL,BLR,DEL -> BLR,23:20:42,02:23:42,03:03:00,183.0,23,Night,170.03,73.43,0
AI164,Air India,DEL,BLR,DEL -> BLR,03:57:42,05:45:42,01:48:00,108.0,3,Night,170.03,73.43,0
6F155,IndiGo,DEL,BLR,DEL -> BLR,07:47:42,08:20:42,00:33:00,33.0,7,Morning,170.03,73.43,0
6F215,IndiGo,DEL,BLR,DEL -> BLR,13:00:42,17:30:42,04:30:00,270.0,13,Afternoon,170.03,73.43,0
6F251,IndiGo,DEL,BLR,DEL -> BLR,22:56:42,23:37:42,00:41:00,41.0,22,Night,170.03,73.43,0
UK029,Vistara,DEL,BOM,DEL -> BOM,23:26:42,02:15:42,02:49:00,169.0,23,Night,178.11,82.99,0
6F008,IndiGo,DEL,BOM,DEL -> BOM,00:14:42,04:59:42,04:45:00,285.0,0,Night,178.11,82.99,0
6F255,IndiGo,DEL,BOM,DEL -> BOM,11:59:42,15:33:42,03:34:00,214.0,11,Morning,178.11,82.99,0
SJ247,SpiceJet,DEL,BOM,DEL -> BOM,23:38:42,03:43:42,04:05:00,245.0,23,Night,178.11,82.99,0
SJ176,SpiceJet,DEL,BOM,DEL -> BOM,04:15:42,06:17:42,02:02:00,122.0,4,Night,178.11,82.99,0
6F032,IndiGo,DEL,BOM,DEL -> BOM,23:43:42,02:22:42,02:39:00,159.0,23,Night,178.11,82.99,0
6F206,IndiGo,DEL,BOM,DEL -> BOM,16:39:42,20:59:42,04:20:00,260.0,16,Afternoon,178.11,82.99,0
SJ031,SpiceJet,DEL,BOM,DEL -> BOM,21:20:42,22:29:42,01:09:00,69.0,21,Night,178.11,82.99,0
UK025,Vistara,DEL,BOM,DEL -> BOM,22:55:42,02:47:42,03:52:00,232.0,22,Night,178.11,82.99,0
AI034,Air India,DEL,BOM,DEL -> BOM,05:48:42,10:31:42,04:43:00,283.0,5,Morning,178.11,82.99,0
UK082,Vistara,DEL,BOM,DEL -> BOM,16:50:42,21:21:42,04:31:00,271.0,16,Afternoon,178.11,82.99,0
AI069,Air India,DEL,BOM,DEL -> BOM,22:43:42,02:29:42,03:46:00,226.0,22,Night,178.11,82.99,0
UK104,Vistara,DEL,BOM,DEL -> BOM,12:30:42,13:52:42,01:22:00,82.0,12,Afternoon,178.11,82.99,0
AI186,Air India,DEL,BOM,DEL -> BOM,11:11:42,13:05:42,01:54:00,114.0,11,Morning,178.11,82.99,0
6F119,IndiGo,DEL,BOM,DEL -> BOM,09:19:42,11:33:42,02:14:00,134.0,9,Morning,178.11,82.99,0
AI083,Air India,DEL,BOM,DEL -> BOM,12:54:42,13:37:42,00:43:00,43.0,12,Afternoon,178.11,82.99,0
AI078,Air India,DEL,BOM,DEL -> BOM,08:58:42,13:28:42,04:30:00,270.0,8,Morning,178.11,82.99,0
SJ143,SpiceJet,DEL,BOM,DEL -> BOM,02:55:42,03:52:42,00:57:00,57.0,2,Night,178.11,82.99,0
AI145,Air India,DEL,BOM,DEL -> BOM,17:06:42,21:31:42,04:25:00,265.0,17,Evening,178.11,82.99,0
SJ002,SpiceJet,DEL,BOM,DEL -> BOM,07:54:42,12:40:42,04:46:00,286.0,7,Morning,178.11,82.99,0
AI046,Air India,DEL,BOM,DEL -> BOM,05:09:42,08:00:42,02:51:00,171.0,5,Morning,178.11,82.99,0
UK063,Vistara,DEL,BOM,DEL -> BOM,16:29:42,17:41:42,01:12:00,72.0,16,Afternoon,178.11,82.99,0
SJ118,SpiceJet,DEL,BOM,DEL -> BOM,01:08:42,02:33:42,01:25:00,85.0,1,Night,178.11,82.99,0
AI026,Air India,DEL,BOM,DEL -> BOM,14:14:42,15:13:42,00:59:00,59.0,14,Afternoon,178.11,82.99,0
AI236,Air India,DEL,BOM,DEL -> BOM,04:52:42,09:11:42,04:19:00,259.0,4,Night,178.11,82.99,0
6F226,IndiGo,DEL,BOM,DEL -> BOM,00:38:42,02:55:42,02:17:00,137.0,0,Night,178.11,82.99,0
UK172,Vistara,DEL,BOM,DEL -> BOM,02:20:42,05:21:42,03:01:00,181.0,2,Night,178.11,82.99,0
6F050,IndiGo,DEL,BOM,DEL -> BOM,00:35:42,04:32:42,03:57:00,237.0,0,Night,178.11,82.99,0
6F073,IndiGo,DEL,CCU,DEL -> CCU,11:38:42,15:18:42,03:40:00,220.0,11,Morning,151.73,87.06,0
UK208,Vistara,DEL,CCU,DEL -> CCU,03:54:42,08:51:42,04:57:00,297.0,3,Night,151.73,87.06,1
AI082,Air India,DEL,CCU,DEL -> CCU,03:19:42,06:01:42,02:42:00,162.0,3,Night,151.73,87.06,0
6F129,IndiGo,DEL,CCU,DEL -> CCU,14:28:42,16:47:42,02:19:00,139.0,14,Afternoon,151.73,87.06,0
AI009,Air India,DEL,CCU,DEL -> CCU,01:31:42,04:05:42,02:34:00,154.0,1,Night,151.73,87.06,0
AI138,Air India,DEL,CCU,DEL -> CCU,05:50:42,06:40:42,00:50:00,50.0,5,Morning,151.73,87.06,0
AI133,Air India,DEL,CCU,DEL -> CCU,19:12:42,21:32:42,02:20:00,140.0,19,Evening,151.73,87.06,0
SJ044,SpiceJet,DEL,CCU,DEL -> CCU,15:06:42,17:43:42,02:37:00,157.0,15,Afternoon,151.73,87.06,0
AI211,Air India,DEL,CCU,DEL -> CCU,23:34:42,01:21:42,01:47:00,107.0,23,Night,151.73,87.06,0
6F055,IndiGo,DEL,CCU,DEL -> CCU,16:21:42,18:49:42,02:28:00,148.0,16,Afternoon,151.73,87.06,0
6F204,IndiGo,DEL,CCU,DEL -> CCU,13:23:42,16:04:42,02:41:00,161.0,13,Afternoon,151.73,87.06,0
SJ153,SpiceJet,DEL,CCU,DEL -> CCU,20:37:42,22:00:42,01:23:00,83.0,20,Evening,151.73,87.06,0
AI005,Air India,DEL,CCU,DEL -> CCU,21:24:42,22:11:42,00:47:00,47.0,21,Night,151.73,87.06,0
UK150,Vistara,DEL,CCU,DEL -> CCU,18:31:42,19:01:42,00:30:00,30.0,18,Evening,151.73,87.06,0
UK210,Vistara,DEL,CCU,DEL -> CCU,06:35:42,07:30:42,00:55:00,55.0,6,Morning,151.73,87.06,0
SJ155,SpiceJet,DEL,CCU,DEL -> CCU,00:38:42,05:38:42,05:00:00,300.0,0,Night,151.73,87.06,1
SJ074,SpiceJet,DEL,CCU,DEL -> CCU,11:21:42,12:02:42,00:41:00,41.0,11,Morning,151.73,87.06,0
SJ207,SpiceJet,DEL,CCU,DEL -> CCU,00:52:42,04:05:42,03:13:00,193.0,0,Night,151.73,87.06,0
6F071,IndiGo,DEL,CCU,DEL -> CCU,20:18:42,00:31:42,04:13:00,253.0,20,Evening,151.73,87.06,0
UK016,Vistara,DEL,CCU,DEL -> CCU,10:42:42,11:22:42,00:40:00,40.0,10,Morning,151.73,87.06,0
SJ206,SpiceJet,DEL,CCU,DEL -> CCU,20:43:42,01:21:42,04:38:00,278.0,20,Evening,151.73,87.06,0
AI168,Air India,DEL,CCU,DEL -> CCU,15:50:42,20:20:42,04:30:00,270.0,15,Afternoon,151.73,87.06,0
AI165,Air India,DEL,CCU,DEL -> CCU,08:51:42,10:31:42,01:40:00,100.0,8,Morning,151.73,87.06,0
AI174,Air India,DEL,CCU,DEL -> CCU,14:45:42,17:01:42,02:16:00,136.0,14,Afternoon,151.73,87.06,0
AI183,Air India,DEL,CCU,DEL -> CCU,14:24:42,16:06:42,01:42:00,102.0,14,Afternoon,151.73,87.06,0
AI212,Air India,DEL,CCU,DEL -> CCU,15:31:42,20:13:42,04:42:00,282.0,15,Afternoon,151.73,87.06,0
SJ158,SpiceJet,DEL,HYD,DEL -> HYD,23:05:42,01:24:42,02:19:00,139.0,23,Night,174.76,75.97,0
AI060,Air India,DEL,HYD,DEL -> HYD,21:58:42,23:51:42,01:53:00,113.0,21,Night,174.76,75.97,0
SJ218,SpiceJet,DEL,HYD,DEL -> HYD,11:58:42,15:03:42,03:05:00,185.0,11,Morning,174.76,75.97,0
UK177,Vistara,DEL,HYD,DEL -> HYD,06:21:42,10:50:42,04:29:00,269.0,6,Morning,174.76,75.97,0
UK007,Vistara,DEL,HYD,DEL -> HYD,18:50:42,21:04:42,02:14:00,134.0,18,Evening,174.76,75.97,0
SJ208,SpiceJet,DEL,HYD,DEL -> HYD,18:32:42,19:33:42,01:01:00,61.0,18,Evening,174.76,75.97,0
SJ072,SpiceJet,DEL,HYD,DEL -> HYD,01:18:42,04:08:42,02:50:00,170.0,1,Night,174.76,75.97,0
AI127,Air India,DEL,HYD,DEL -> HYD,10:37:42,13:45:42,03:08:00,188.0,10,Morning,174.76,75.97,0
6F089,IndiGo,DEL,HYD,DEL -> HYD,17:06:42,19:10:42,02:04:00,124.0,17,Evening,174.76,75.97,0
SJ078,SpiceJet,DEL,HYD,DEL -> HYD,09:41:42,12:49:42,03:08:00,188.0,9,Morning,174.76,75.97,0
SJ036,SpiceJet,DEL,HYD,DEL -> HYD,20:24:42,23:54:42,03:30:00,210.0,20,Evening,174.76,75.97,0
SJ163,SpiceJet,DEL,HYD,DEL -> HYD,18:32:42,23:08:42,04:36:00,276.0,18,Evening,174.76,75.97,0
AI224,Air India,DEL,HYD,DEL -> HYD,16:51:42,21:36:42,04:45:00,285.0,16,Afternoon,174.76,75.97,0
UK022,Vistara,DEL,HYD,DEL -> HYD,06:22:42,10:59:42,04:37:00,277.0,6,Morning,174.76,75.97,0
6F264,IndiGo,DEL,HYD,DEL -> HYD,14:03:42,18:23:42,04:20:00,260.0,14,Afternoon,174.76,75.97,0
AI231,Air India,DEL,HYD,DEL -> HYD,21:52:42,23:51:42,01:59:00,119.0,21,Night,174.76,75.97,0
AI021,Air India,DEL,HYD,DEL -> HYD,21:39:42,01:38:42,03:59:00,239.0,21,Night,174.76,75.97,0
6F123,IndiGo,DEL,HYD,DEL -> HYD,15:26:42,17:12:42,01:46:00,106.0,15,Afternoon,174.76,75.97,0
AI001,Air India,DEL,HYD,DEL -> HYD,19:00:42,22:03:42,03:03:00,183.0,19,Evening,174.76,75.97,0
SJ233,SpiceJet,DEL,HYD,DEL -> HYD,01:18:42,02:56:42,01:38:00,98.0,1,Night,174.76,75.97,0
UK071,Vistara,DEL,HYD,DEL -> HYD,10:50:42,14:06:42,03:16:00,196.0,10,Morning,174.76,75.97,0
SJ162,SpiceJet,DEL,HYD,DEL -> HYD,20:11:42,22:30:42,02:19:00,139.0,20,Evening,174.76,75.97,0
6F087,IndiGo,DEL,HYD,DEL -> HYD,23:24:42,03:10:42,03:46:00,226.0,23,Night,174.76,75.97,0
SJ157,SpiceJet,DEL,HYD,DEL -> HYD,22:11:42,01:05:42,02:54:00,174.0,22,Night,174.76,75.97,0
UK101,Vistara,DEL,HYD,DEL -> HYD,15:00:42,17:43:42,02:43:00,163.0,15,Afternoon,174.76,75.97,0
SJ225,SpiceJet,DEL,HYD,DEL -> HYD,18:16:42,20:53:42,02:37:00,157.0,18,Evening,174.76,75.97,0
6F130,IndiGo,DEL,HYD,DEL -> HYD,01:27:42,02:45:42,01:18:00,78.0,1,Night,174.76,75.97,0
SJ203,SpiceJet,DEL,HYD,DEL -> HYD,16:22:42,18:27:42,02:05:00,125.0,16,Afternoon,174.76,75.97,0
6F248,IndiGo,DEL,HYD,DEL -> HYD,13:25:42,17:36:42,04:11:00,251.0,13,Afternoon,174.76,75.97,0
UK163,Vistara,DEL,HYD,DEL -> HYD,07:22:42,09:04:42,01:42:00,102.0,7,Morning,174.76,75.97,0
UK202,Vistara,DEL,HYD,DEL -> HYD,01:11:42,05:37:42,04:26:00,266.0,1,Night,174.76,75.97,0
6F033,IndiGo,DEL,HYD,DEL -> HYD,07:08:42,09:08:42,02:00:00,120.0,7,Morning,174.76,75.97,0
6F108,IndiGo,DEL,HYD,DEL -> HYD,23:41:42,03:23:42,03:42:00,222.0,23,Night,174.76,75.97,0
6F188,IndiGo,DEL,HYD,DEL -> HYD,14:57:42,19:39:42,04:42:00,282.0,14,Afternoon,174.76,75.97,0
6F247,IndiGo,DEL,HYD,DEL -> HYD,01:27:42,02:45:42,01:18:00,78.0,1,Night,174.76,75.97,0
6F044,IndiGo,DEL,HYD,DEL -> HYD,13:25:42,17:36:42,04:11:00,251.0,13,Afternoon,174.76,75.97,0
SJ096,SpiceJet,DEL,HYD,DEL -> HYD,10:29:42,13:45:42,03:16:00,196.0,10,Morning,174.76,75.97,0
6F063,IndiGo,DEL,HYD,DEL -> HYD,04:42:42,07:31:42,02:49:00,169.0,4,Night,174.76,75.97,0
6F265,IndiGo,DEL,HYD,DEL -> HYD,02:27:42,03:24:42,00:57:00,57.0,2,Night,174.76,75.97,0
SJ196,SpiceJet,DEL,HYD,DEL -> HYD,14:58:42,17:44:42,02:46:00,166.0,14,Afternoon,174.76,75.97,0
UK179,Vistara,DEL,HYD,DEL -> HYD,14:25:42,19:15:42,04:50:00,290.0,14,Afternoon,174.76,75.97,1
6F240,IndiGo,DEL,HYD,DEL -> HYD,15:31:42,19:56:42,04:25:00,265.0,15,Afternoon,174.76,75.97,0
6F241,IndiGo,DEL,HYD,DEL -> HYD,18:27:42,19:02:42,00:35:00,35.0,18,Evening,174.76,75.97,0
UK083,Vistara,DEL,HYD,DEL -> HYD,14:10:42,14:59:42,00:49:00,49.0,14,Afternoon,174.76,75.97,0
SJ030,SpiceJet,DEL,HYD,DEL -> HYD,02:36:42,03:19:42,00:43:00,43.0,2,Night,174.76,75.97,0
UK043,Vistara,DEL,HYD,DEL -> HYD,00:48:42,04:52:42,04:04:00,244.0,0,Night,174.76,75.97,0
6F174,IndiGo,DEL,HYD,DEL -> HYD,21:36:42,22:16:42,00:40:00,40.0,21,Night,174.76,75.97,0
SJ241,SpiceJet,DEL,HYD,DEL -> HYD,03:57:42,06:36:42,02:39:00,159.0,3,Night,174.76,75.97,0
6F053,IndiGo,DEL,HYD,DEL -> HYD,20:26:42,00:39:42,04:13:00,253.0,20,Evening,174.76,75.97,0
SJ179,SpiceJet,DEL,HYD,DEL -> HYD,20:09:42,23:39:42,03:30:00,210.0,20,Evening,174.76,75.97,0
6F263,IndiGo,DEL,HYD,DEL -> HYD,07:07:42,08:30:42,01:23:00,83.0,7,Morning,174.76,75.97,0
SJ058,SpiceJet,DEL,HYD,DEL -> HYD,08:58:42,13:14:42,04:16:00,256.0,8,Morning,174.76,75.97,0
AI085,Air India,DEL,HYD,DEL -> HYD,15:45:42,20:33:42,04:48:00,288.0,15,Afternoon,174.76,75.97,0
SJ171,SpiceJet,DEL,HYD,DEL -> HYD,20:52:42,23:52:42,03:00:00,180.0,20,Evening,174.76,75.97,0
SJ076,SpiceJet,DEL,MAA,DEL -> MAA,23:01:42,02:02:42,03:01:00,181.0,23,Night,178.78,69.77,0
UK228,Vistara,DEL,MAA,DEL -> MAA,11:58:42,15:08:42,03:10:00,190.0,11,Morning,178.78,69.77,0
6F199,IndiGo,DEL,MAA,DEL -> MAA,15:15:42,17:32:42,02:17:00,137.0,15,Afternoon,178.78,69.77,0
SJ005,SpiceJet,DEL,MAA,DEL -> MAA,16:03:42,17:24:42,01:21:00,81.0,16,Afternoon,178.78,69.77,0
SJ017,SpiceJet,DEL,MAA,DEL -> MAA,02:57:42,05:00:42,02:03:00,123.0,2,Night,178.78,69.77,0
SJ111,SpiceJet,DEL,MAA,DEL -> MAA,11:47:42,12:59:42,01:12:00,72.0,11,Morning,178.78,69.77,0
SJ224,SpiceJet,DEL,MAA,DEL -> MAA,12:41:42,15:33:42,02:52:00,172.0,12,Afternoon,178.78,69.77,0
UK167,Vistara,DEL,MAA,DEL -> MAA,22:45:42,01:46:42,03:01:00,181.0,22,Night,178.78,69.77,0
AI031,Air India,DEL,MAA,DEL -> MAA,13:05:42,16:11:42,03:06:00,186.0,13,Afternoon,178.78,69.77,0
AI095,Air India,DEL,MAA,DEL -> MAA,05:00:42,08:18:42,03:18:00,198.0,5,Morning,178.78,69.77,0
6F190,IndiGo,DEL,MAA,DEL -> MAA,20:02:42,00:36:42,04:34:00,274.0,20,Evening,178.78,69.77,0
6F014,IndiGo,DEL,MAA,DEL -> MAA,19:42:42,23:15:42,03:33:00,213.0,19,Evening,178.78,69.77,0
6F224,IndiGo,DEL,MAA,DEL -> MAA,16:53:42,18:52:42,01:59:00,119.0,16,Afternoon,178.78,69.77,0
AI035,Air India,DEL,MAA,DEL -> MAA,23:17:42,00:48:42,01:31:00,91.0,23,Night,178.78,69.77,0
6F268,IndiGo,DEL,MAA,DEL -> MAA,20:29:42,21:58:42,01:29:00,89.0,20,Evening,178.78,69.77,0
SJ045,SpiceJet,DEL,MAA,DEL -> MAA,04:16:42,09:03:42,04:47:00,287.0,4,Night,178.78,69.77,1
6F267,IndiGo,DEL,MAA,DEL -> MAA,07:56:42,11:49:42,03:53:00,233.0,7,Morning,178.78,69.77,0
UK023,Vistara,DEL,MAA,DEL -> MAA,14:15:42,19:03:42,04:48:00,288.0,14,Afternoon,178.78,69.77,1
AI056,Air India,DEL,MAA,DEL -> MAA,13:44:42,17:39:42,03:55:00,235.0,13,Afternoon,178.78,69.77,0
SJ013,SpiceJet,DEL,MAA,DEL -> MAA,15:25:42,19:54:42,04:29:00,269.0,15,Afternoon,178.78,69.77,0
SJ095,SpiceJet,DEL,MAA,DEL -> MAA,20:09:42,23:13:42,03:04:00,184.0,20,Evening,178.78,69.77,0
UK185,Vistara,DEL,MAA,DEL -> MAA,07:31:42,08:48:42,01:17:00,77.0,7,Morning,178.78,69.77,0
SJ024,SpiceJet,DEL,MAA,DEL -> MAA,16:29:42,20:21:42,03:52:00,232.0,16,Afternoon,178.78,69.77,0
AI106,Air India,HYD,BLR,HYD -> BLR,02:07:42,03:20:42,01:13:00,73.0,2,Night,162.77,80.76,0
AI241,Air India,HYD,BLR,HYD -> BLR,20:11:42,22:18:42,02:07:00,127.0,20,Evening,162.77,80.76,0
SJ008,SpiceJet,HYD,BLR,HYD -> BLR,10:53:42,15:48:42,04:55:00,295.0,10,Morning,162.77,80.76,1
AI063,Air India,HYD,BLR,HYD -> BLR,07:03:42,11:26:42,04:23:00,263.0,7,Morning,162.77,80.76,0
AI040,Air India,HYD,BLR,HYD -> BLR,21:01:42,22:42:42,01:41:00,101.0,21,Night,162.77,80.76,0
6F054,IndiGo,HYD,BLR,HYD -> BLR,22:00:42,01:25:42,03:25:00,205.0,22,Night,162.77,80.76,0
SJ146,SpiceJet,HYD,BLR,HYD -> BLR,22:37:42,00:33:42,01:56:00,116.0,22,Night,162.77,80.76,0
AI013,Air India,HYD,BLR,HYD -> BLR,03:41:42,04:58:42,01:17:00,77.0,3,Night,162.77,80.76,0
6F202,IndiGo,HYD,BLR,HYD -> BLR,20:18:42,23:48:42,03:30:00,210.0,20,Evening,162.77,80.76,0
UK118,Vistara,HYD,BLR,HYD -> BLR,06:22:42,07:22:42,01:00:00,60.0,6,Morning,162.77,80.76,0
AI117,Air India,HYD,BLR,HYD -> BLR,08:18:42,10:09:42,01:51:00,111.0,8,Morning,162.77,80.76,0
6F090,IndiGo,HYD,BLR,HYD -> BLR,15:10:42,19:22:42,04:12:00,252.0,15,Afternoon,162.77,80.76,0
AI202,Air India,HYD,BLR,HYD -> BLR,08:44:42,10:53:42,02:09:00,129.0,8,Morning,162.77,80.76,0
UK176,Vistara,HYD,BLR,HYD -> BLR,18:41:42,22:49:42,04:08:00,248.0,18,Evening,162.77,80.76,0
SJ006,SpiceJet,HYD,BLR,HYD -> BLR,08:25:42,08:57:42,00:32:00,32.0,8,Morning,162.77,80.76,0
AI023,Air India,HYD,BLR,HYD -> BLR,06:10:42,09:35:42,03:25:00,205.0,6,Morning,162.77,80.76,0
6F198,IndiGo,HYD,BLR,HYD -> BLR,12:40:42,17:39:42,04:59:00,299.0,12,Afternoon,162.77,80.76,1
SJ189,SpiceJet,HYD,BLR,HYD -> BLR,17:05:42,22:01:42,04:56:00,296.0,17,Evening,162.77,80.76,1
SJ197,SpiceJet,HYD,BLR,HYD -> BLR,14:49:42,17:33:42,02:44:00,164.0,14,Afternoon,162.77,80.76,0
SJ012,SpiceJet,HYD,BLR,HYD -> BLR,15:01:42,16:12:42,01:11:00,71.0,15,Afternoon,162.77,80.76,0
SJ021,SpiceJet,HYD,BLR,HYD -> BLR,05:48:42,09:46:42,03:58:00,238.0,5,Morning,162.77,80.76,0
SJ136,SpiceJet,HYD,BLR,HYD -> BLR,05:45:42,08:04:42,02:19:00,139.0,5,Morning,162.77,80.76,0
AI159,Air India,HYD,BLR,HYD -> BLR,09:23:42,11:36:42,02:13:00,133.0,9,Morning,162.77,80.76,0
6F138,IndiGo,HYD,BLR,HYD -> BLR,09:49:42,12:53:42,03:04:00,184.0,9,Morning,162.77,80.76,0
AI002,Air India,HYD,BLR,HYD -> BLR,05:12:42,07:12:42,02:00:00,120.0,5,Morning,162.77,80.76,0
SJ069,SpiceJet,HYD,BLR,HYD -> BLR,12:53:42,14:17:42,01:24:00,84.0,12,Afternoon,162.77,80.76,0
SJ199,SpiceJet,HYD,BOM,HYD -> BOM,11:29:42,13:59:42,02:30:00,150.0,11,Morning,155.48,86.1,0
6F220,IndiGo,HYD,BOM,HYD -> BOM,10:27:42,11:25:42,00:58:00,58.0,10,Morning,155.48,86.1,0
AI179,Air India,HYD,BOM,HYD -> BOM,20:41:42,01:19:42,04:38:00,278.0,20,Evening,155.48,86.1,0
6F186,IndiGo,HYD,BOM,HYD -> BOM,21:48:42,02:02:42,04:14:00,254.0,21,Night,155.48,86.1,0
UK148,Vistara,HYD,BOM,HYD -> BOM,16:31:42,18:43:42,02:12:00,132.0,16,Afternoon,155.48,86.1,0
UK097,Vistara,HYD,BOM,HYD -> BOM,00:49:42,05:00:42,04:11:00,251.0,0,Night,155.48,86.1,0
6F001,IndiGo,HYD,BOM,HYD -> BOM,11:33:42,13:08:42,01:35:00,95.0,11,Morning,155.48,86.1,0
AI028,Air India,HYD,BOM,HYD -> BOM,07:53:42,08:35:42,00:42:00,42.0,7,Morning,155.48,86.1,0
UK039,Vistara,HYD,BOM,HYD -> BOM,01:40:42,02:53:42,01:13:00,73.0,1,Night,155.48,86.1,0
UK201,Vistara,HYD,BOM,HYD -> BOM,04:29:42,06:42:42,02:13:00,133.0,4,Night,155.48,86.1,0
AI134,Air India,HYD,BOM,HYD -> BOM,00:28:42,04:23:42,03:55:00,235.0,0,Night,155.48,86.1,0
6F205,IndiGo,HYD,BOM,HYD -> BOM,22:16:42,00:02:42,01:46:00,106.0,22,Night,155.48,86.1,0
SJ047,SpiceJet,HYD,BOM,HYD -> BOM,20:44:42,21:21:42,00:37:00,37.0,20,Evening,155.48,86.1,0
UK077,Vistara,HYD,BOM,HYD -> BOM,16:22:42,18:00:42,01:38:00,98.0,16,Afternoon,155.48,86.1,0
6F074,IndiGo,HYD,BOM,HYD -> BOM,11:09:42,14:29:42,03:20:00,200.0,11,Morning,155.48,86.1,0
UK035,Vistara,HYD,BOM,HYD -> BOM,21:08:42,22:24:42,01:16:00,76.0,21,Night,155.48,86.1,0
UK125,Vistara,HYD,BOM,HYD -> BOM,06:58:42,11:44:42,04:46:00,286.0,6,Morning,155.48,86.1,1
6F003,IndiGo,HYD,BOM,HYD -> BOM,20:06:42,23:13:42,03:07:00,187.0,20,Evening,155.48,86.1,0
SJ192,SpiceJet,HYD,BOM,HYD -> BOM,18:45:42,23:45:42,05:00:00,300.0,18,Evening,155.48,86.1,1
6F016,IndiGo,HYD,BOM,HYD -> BOM,22:18:42,22:54:42,00:36:00,36.0,22,Night,155.48,86.1,0
UK195,Vistara,HYD,BOM,HYD -> BOM,13:35:42,16:35:42,03:00:00,180.0,13,Afternoon,155.48,86.1,0
6F249,IndiGo,HYD,BOM,HYD -> BOM,20:06:42,23:13:42,03:07:00,187.0,20,Evening,155.48,86.1,0
6F127,IndiGo,HYD,BOM,HYD -> BOM,18:27:42,22:28:42,04:01:00,241.0,18,Evening,155.48,86.1,0
UK107,Vistara,HYD,BOM,HYD -> BOM,13:09:42,14:25:42,01:16:00,76.0,13,Afternoon,155.48,86.1,0
6F144,IndiGo,HYD,BOM,HYD -> BOM,11:56:42,15:11:42,03:15:00,195.0,11,Morning,155.48,86.1,0
UK049,Vistara,HYD,BOM,HYD -> BOM,19:47:42,20:32:42,00:45:00,45.0,19,Evening,155.48,86.1,0
SJ226,SpiceJet,HYD,BOM,HYD -> BOM,08:47:42,12:54:42,04:07:00,247.0,8,Morning,155.48,86.1,0
UK136,Vistara,HYD,CCU,HYD -> CCU,11:43:42,15:26:42,03:43:00,223.0,11,Morning,167.15,88.1,0
SJ050,SpiceJet,HYD,CCU,HYD -> CCU,11:24:42,12:03:42,00:39:00,39.0,11,Morning,167.15,88.1,0
AI054,Air India,HYD,CCU,HYD -> CCU,03:44:42,08:10:42,04:26:00,266.0,3,Night,167.15,88.1,0
SJ205,SpiceJet,HYD,CCU,HYD -> CCU,21:56:42,23:00:42,01:04:00,64.0,21,Night,167.15,88.1,0
UK134,Vistara,HYD,CCU,HYD -> CCU,13:44:42,17:26:42,03:42:00,222.0,13,Afternoon,167.15,88.1,0
UK040,Vistara,HYD,CCU,HYD -> CCU,09:15:42,10:32:42,01:17:00,77.0,9,Morning,167.15,88.1,0
SJ210,SpiceJet,HYD,CCU,HYD -> CCU,23:21:42,02:54:42,03:33:00,213.0,23,Night,167.15,88.1,0
SJ060,SpiceJet,HYD,CCU,HYD -> CCU,08:51:42,13:46:42,04:55:00,295.0,8,Morning,167.15,88.1,0
AI107,Air India,HYD,CCU,HYD -> CCU,10:03:42,10:49:42,00:46:00,46.0,10,Morning,167.15,88.1,0
UK171,Vistara,HYD,CCU,HYD -> CCU,19:59:42,22:53:42,02:54:00,174.0,19,Evening,167.15,88.1,0
AI147,Air India,HYD,CCU,HYD -> CCU,18:14:42,20:10:42,01:56:00,116.0,18,Evening,167.15,88.1,0
SJ116,SpiceJet,HYD,CCU,HYD -> CCU,17:33:42,19:02:42,01:29:00,89.0,17,Evening,167.15,88.1,0
UK102,Vistara,HYD,CCU,HYD -> CCU,11:58:42,14:01:42,02:03:00,123.0,11,Morning,167.15,88.1,0
6F040,IndiGo,HYD,CCU,HYD -> CCU,15:52:42,20:33:42,04:41:00,281.0,15,Afternoon,167.15,88.1,0
6F028,IndiGo,HYD,CCU,HYD -> CCU,19:49:42,21:49:42,02:00:00,120.0,19,Evening,167.15,88.1,0
6F225,IndiGo,HYD,CCU,HYD -> CCU,07:33:42,12:12:42,04:39:00,279.0,7,Morning,167.15,88.1,0
SJ180,SpiceJet,HYD,CCU,HYD -> CCU,17:12:42,22:00:42,04:48:00,288.0,17,Evening,167.15,88.1,0
AI213,Air India,HYD,CCU,HYD -> CCU,08:03:42,09:14:42,01:11:00,71.0,8,Morning,167.15,88.1,0
SJ016,SpiceJet,HYD,CCU,HYD -> CCU,13:01:42,16:26:42,03:25:00,205.0,13,Afternoon,167.15,88.1,0
UK122,Vistara,HYD,CCU,HYD -> CCU,20:29:42,23:29:42,03:00:00,180.0,20,Evening,167.15,88.1,0
SJ089,SpiceJet,HYD,CCU,HYD -> CCU,12:42:42,17:15:42,04:33:00,273.0,12,Afternoon,167.15,88.1,0
SJ042,SpiceJet,HYD,CCU,HYD -> CCU,22:38:42,02:20:42,03:42:00,222.0,22,Night,167.15,88.1,0
SJ066,SpiceJet,HYD,CCU,HYD -> CCU,17:47:42,19:03:42,01:16:00,76.0,17,Evening,167.15,88.1,0
UK114,Vistara,HYD,CCU,HYD -> CCU,22:10:42,23:58:42,01:48:00,108.0,22,Night,167.15,88.1,0
UK093,Vistara,HYD,CCU,HYD -> CCU,04:31:42,05:21:42,00:50:00,50.0,4,Night,167.15,88.1,0
UK182,Vistara,HYD,CCU,HYD -> CCU,14:19:42,18:25:42,04:06:00,246.0,14,Afternoon,167.15,88.1,0
6F049,IndiGo,HYD,DEL,HYD -> DEL,10:00:42,13:13:42,03:13:00,193.0,10,Morning,185.36,78.64,0
UK193,Vistara,HYD,DEL,HYD -> DEL,08:39:42,09:14:42,00:35:00,35.0,8,Morning,185.36,78.64,0
6F210,IndiGo,HYD,DEL,HYD -> DEL,11:51:42,15:58:42,04:07:00,247.0,11,Morning,185.36,78.64,0
AI170,Air India,HYD,DEL,HYD -> DEL,11:27:42,15:50:42,04:23:00,263.0,11,Morning,185.36,78.64,0
6F070,IndiGo,HYD,DEL,HYD -> DEL,23:23:42,02:24:42,03:01:00,181.0,23,Night,185.36,78.64,0
UK192,Vistara,HYD,DEL,HYD -> DEL,12:54:42,13:54:42,01:00:00,60.0,12,Afternoon,185.36,78.64,0
6F110,IndiGo,HYD,DEL,HYD -> DEL,02:27:42,05:48:42,03:21:00,201.0,2,Night,185.36,78.64,0
6F168,IndiGo,HYD,DEL,HYD -> DEL,12:18:42,15:58:42,03:40:00,220.0,12,Afternoon,185.36,78.64,0
UK051,Vistara,HYD,DEL,HYD -> DEL,03:55:42,06:55:42,03:00:00,180.0,3,Night,185.36,78.64,0
AI173,Air India,HYD,DEL,HYD -> DEL,17:36:42,22:27:42,04:51:00,291.0,17,Evening,185.36,78.64,0
UK062,Vistara,HYD,DEL,HYD -> DEL,12:33:42,15:35:42,03:02:00,182.0,12,Afternoon,185.36,78.64,0
SJ079,SpiceJet,HYD,DEL,HYD -> DEL,01:58:42,05:02:42,03:04:00,184.0,1,Night,185.36,78.64,0
6F048,IndiGo,HYD,DEL,HYD -> DEL,10:27:42,11:18:42,00:51:00,51.0,10,Morning,185.36,78.64,0
UK214,Vistara,HYD,DEL,HYD -> DEL,05:30:42,09:10:42,03:40:00,220.0,5,Morning,185.36,78.64,0
SJ112,SpiceJet,HYD,DEL,HYD -> DEL,22:20:42,00:40:42,02:20:00,140.0,22,Night,185.36,78.64,0
AI025,Air India,HYD,DEL,HYD -> DEL,14:46:42,17:11:42,02:25:00,145.0,14,Afternoon,185.36,78.64,0
UK120,Vistara,HYD,DEL,HYD -> DEL,09:19:42,13:30:42,04:11:00,251.0,9,Morning,185.36,78.64,0
UK229,Vistara,HYD,DEL,HYD -> DEL,07:40:42,11:57:42,04:17:00,257.0,7,Morning,185.36,78.64,0
AI252,Air India,HYD,DEL,HYD -> DEL,17:30:42,21:54:42,04:24:00,264.0,17,Evening,185.36,78.64,0
UK135,Vistara,HYD,DEL,HYD -> DEL,23:50:42,01:43:42,01:53:00,113.0,23,Night,185.36,78.64,0
SJ114,SpiceJet,HYD,DEL,HYD -> DEL,22:42:42,02:02:42,03:20:00,200.0,22,Night,185.36,78.64,0
SJ056,SpiceJet,HYD,DEL,HYD -> DEL,06:11:42,07:10:42,00:59:00,59.0,6,Morning,185.36,78.64,0
SJ033,SpiceJet,HYD,DEL,HYD -> DEL,17:26:42,18:51:42,01:25:00,85.0,17,Evening,185.36,78.64,0
6F128,IndiGo,HYD,DEL,HYD -> DEL,16:56:42,18:03:42,01:07:00,67.0,16,Afternoon,185.36,78.64,0
6F111,IndiGo,HYD,DEL,HYD -> DEL,17:09:42,20:02:42,02:53:00,173.0,17,Evening,185.36,78.64,0
UK003,Vistara,HYD,DEL,HYD -> DEL,21:41:42,02:19:42,04:38:00,278.0,21,Night,185.36,78.64,0
UK055,Vistara,HYD,DEL,HYD -> DEL,16:48:42,19:31:42,02:43:00,163.0,16,Afternoon,185.36,78.64,0
SJ029,SpiceJet,HYD,DEL,HYD -> DEL,22:55:42,00:22:42,01:27:00,87.0,22,Night,185.36,78.64,0
6F170,IndiGo,HYD,DEL,HYD -> DEL,02:44:42,04:14:42,01:30:00,90.0,2,Night,185.36,78.64,0
AI199,Air India,HYD,DEL,HYD -> DEL,18:47:42,22:26:42,03:39:00,219.0,18,Evening,185.36,78.64,0
6F246,IndiGo,HYD,DEL,HYD -> DEL,21:00:42,23:16:42,02:16:00,136.0,21,Night,185.36,78.64,0
SJ104,SpiceJet,HYD,DEL,HYD -> DEL,10:00:42,11:00:42,01:00:00,60.0,10,Morning,185.36,78.64,0
SJ124,SpiceJet,HYD,DEL,HYD -> DEL,21:05:42,01:12:42,04:07:00,247.0,21,Night,185.36,78.64,0
6F200,IndiGo,HYD,DEL,HYD -> DEL,14:54:42,19:41:42,04:47:00,287.0,14,Afternoon,185.36,78.64,0
AI182,Air India,HYD,DEL,HYD -> DEL,12:41:42,17:14:42,04:33:00,273.0,12,Afternoon,185.36,78.64,0
UK169,Vistara,HYD,DEL,HYD -> DEL,18:12:42,23:01:42,04:49:00,289.0,18,Evening,185.36,78.64,0
UK110,Vistara,HYD,DEL,HYD -> DEL,15:26:42,20:13:42,04:47:00,287.0,15,Afternoon,185.36,78.64,0
AI067,Air India,HYD,DEL,HYD -> DEL,23:36:42,03:09:42,03:33:00,213.0,23,Night,185.36,78.64,0
6F042,IndiGo,HYD,DEL,HYD -> DEL,22:35:42,02:41:42,04:06:00,246.0,22,Night,185.36,78.64,0
UK033,Vistara,HYD,DEL,HYD -> DEL,04:34:42,09:18:42,04:44:00,284.0,4,Night,185.36,78.64,0
6F112,IndiGo,HYD,DEL,HYD -> DEL,21:00:42,23:16:42,02:16:00,136.0,21,Night,185.36,78.64,0
SJ140,SpiceJet,HYD,DEL,HYD -> DEL,10:42:42,14:30:42,03:48:00,228.0,10,Morning,185.36,78.64,0
UK021,Vistara,HYD,MAA,HYD -> MAA,22:00:42,23:50:42,01:50:00,110.0,22,Night,152.81,78.42,0
UK056,Vistara,HYD,MAA,HYD -> MAA,09:29:42,10:15:42,00:46:00,46.0,9,Morning,152.81,78.42,0
UK028,Vistara,HYD,MAA,HYD -> MAA,09:02:42,10:37:42,01:35:00,95.0,9,Morning,152.81,78.42,0
AI163,Air India,HYD,MAA,HYD -> MAA,07:45:42,08:46:42,01:01:00,61.0,7,Morning,152.81,78.42,0
6F085,IndiGo,HYD,MAA,HYD -> MAA,17:32:42,19:32:42,02:00:00,120.0,17,Evening,152.81,78.42,0
AI004,Air India,HYD,MAA,HYD -> MAA,13:58:42,18:12:42,04:14:00,254.0,13,Afternoon,152.81,78.42,0
6F228,IndiGo,HYD,MAA,HYD -> MAA,04:36:42,09:27:42,04:51:00,291.0,4,Night,152.81,78.42,1
6F147,IndiGo,HYD,MAA,HYD -> MAA,19:57:42,00:31:42,04:34:00,274.0,19,Evening,152.81,78.42,1
SJ149,SpiceJet,HYD,MAA,HYD -> MAA,21:20:42,23:20:42,02:00:00,120.0,21,Night,152.81,78.42,0
6F271,IndiGo,HYD,MAA,HYD -> MAA,19:33:42,22:52:42,03:19:00,199.0,19,Evening,152.81,78.42,0
SJ084,SpiceJet,HYD,MAA,HYD -> MAA,18:31:42,19:30:42,00:59:00,59.0,18,Evening,152.81,78.42,0
AI066,Air India,HYD,MAA,HYD -> MAA,21:51:42,00:11:42,02:20:00,140.0,21,Night,152.81,78.42,0
AI118,Air India,HYD,MAA,HYD -> MAA,17:50:42,19:59:42,02:09:00,129.0,17,Evening,152.81,78.42,0
6F270,IndiGo,HYD,MAA,HYD -> MAA,18:14:42,19:02:42,00:48:00,48.0,18,Evening,152.81,78.42,0
UK212,Vistara,HYD,MAA,HYD -> MAA,10:46:42,11:31:42,00:45:00,45.0,10,Morning,152.81,78.42,0
UK041,Vistara,HYD,MAA,HYD -> MAA,22:37:42,23:44:42,01:07:00,67.0,22,Night,152.81,78.42,0
AI139,Air India,HYD,MAA,HYD -> MAA,18:23:42,19:24:42,01:01:00,61.0,18,Evening,152.81,78.42,0
6F150,IndiGo,HYD,MAA,HYD -> MAA,12:55:42,16:53:42,03:58:00,238.0,12,Afternoon,152.81,78.42,0
UK205,Vistara,HYD,MAA,HYD -> MAA,18:57:42,21:46:42,02:49:00,169.0,18,Evening,152.81,78.42,0
6F146,IndiGo,HYD,MAA,HYD -> MAA,13:51:42,15:07:42,01:16:00,76.0,13,Afternoon,152.81,78.42,0
6F235,IndiGo,HYD,MAA,HYD -> MAA,11:06:42,13:51:42,02:45:00,165.0,11,Morning,152.81,78.42,0
AI200,Air India,HYD,MAA,HYD -> MAA,02:05:42,05:29:42,03:24:00,204.0,2,Night,152.81,78.42,0
AI154,Air India,HYD,MAA,HYD -> MAA,15:25:42,19:16:42,03:51:00,231.0,15,Afternoon,152.81,78.42,0
6F007,IndiGo,HYD,MAA,HYD -> MAA,18:55:42,19:54:42,00:59:00,59.0,18,Evening,152.81,78.42,0
UK141,Vistara,HYD,MAA,HYD -> MAA,13:38:42,15:59:42,02:21:00,141.0,13,Afternoon,152.81,78.42,0
6F102,IndiGo,HYD,MAA,HYD -> MAA,01:10:42,02:24:42,01:14:00,74.0,1,Night,152.81,78.42,0
AI038,Air India,HYD,MAA,HYD -> MAA,11:05:42,15:44:42,04:39:00,279.0,11,Morning,152.81,78.42,1
UK087,Vistara,HYD,MAA,HYD -> MAA,09:49:42,13:17:42,03:28:00,208.0,9,Morning,152.81,78.42,0
6F272,IndiGo,HYD,MAA,HYD -> MAA,23:35:42,00:22:42,00:47:00,47.0,23,Night,152.81,78.42,0
AI148,Air India,HYD,MAA,HYD -> MAA,05:41:42,08:32:42,02:51:00,171.0,5,Morning,152.81,78.42,0
UK129,Vistara,HYD,MAA,HYD -> MAA,06:29:42,07:29:42,01:00:00,60.0,6,Morning,152.81,78.42,0
UK166,Vistara,HYD,MAA,HYD -> MAA,12:39:42,17:32:42,04:53:00,293.0,12,Afternoon,152.81,78.42,1
6F179,IndiGo,HYD,MAA,HYD -> MAA,02:25:42,06:40:42,04:15:00,255.0,2,Night,152.81,78.42,0
6F121,IndiGo,HYD,MAA,HYD -> MAA,05:44:42,10:42:42,04:58:00,298.0,5,Morning,152.81,78.42,1
AI098,Air India,HYD,MAA,HYD -> MAA,16:01:42,18:11:42,02:10:00,130.0,16,Afternoon,152.81,78.42,0
AI045,Air India,HYD,MAA,HYD -> MAA,11:58:42,14:37:42,02:39:00,159.0,11,Morning,152.81,78.42,0
AI121,Air India,HYD,MAA,HYD -> MAA,02:42:42,06:11:42,03:29:00,209.0,2,Night,152.81,78.42,0
SJ098,SpiceJet,HYD,MAA,HYD -> MAA,03:02:42,03:37:42,00:35:00,35.0,3,Night,152.81,78.42,0
6F177,IndiGo,HYD,MAA,HYD -> MAA,02:03:42,04:25:42,02:22:00,142.0,2,Night,152.81,78.42,0
6F269,IndiGo,HYD,MAA,HYD -> MAA,01:30:42,02:52:42,01:22:00,82.0,1,Night,152.81,78.42,0
SJ223,SpiceJet,HYD,MAA,HYD -> MAA,23:54:42,01:08:42,01:14:00,74.0,23,Night,152.81,78.42,0
UK014,Vistara,HYD,MAA,HYD -> MAA,20:41:42,22:06:42,01:25:00,85.0,20,Evening,152.81,78.42,0
6F080,IndiGo,HYD,MAA,HYD -> MAA,19:47:42,23:13:42,03:26:00,206.0,19,Evening,152.81,78.42,0
AI229,Air India,HYD,MAA,HYD -> MAA,16:48:42,18:40:42,01:52:00,112.0,16,Afternoon,152.81,78.42,0
6F038,IndiGo,HYD,MAA,HYD -> MAA,15:36:42,19:33:42,03:57:00,237.0,15,Afternoon,152.81,78.42,0
SJ090,SpiceJet,HYD,MAA,HYD -> MAA,10:24:42,13:11:42,02:47:00,167.0,10,Morning,152.81,78.42,0
6F231,IndiGo,HYD,MAA,HYD -> MAA,01:16:42,05:43:42,04:27:00,267.0,1,Night,152.81,78.42,0
UK026,Vistara,HYD,MAA,HYD -> MAA,21:38:42,23:44:42,02:06:00,126.0,21,Night,152.81,78.42,0
UK059,Vistara,HYD,MAA,HYD -> MAA,20:33:42,22:10:42,01:37:00,97.0,20,Evening,152.81,78.42,0
6F237,IndiGo,HYD,MAA,HYD -> MAA,21:41:42,00:44:42,03:03:00,183.0,21,Night,152.81,78.42,0
AI097,Air India,HYD,MAA,HYD -> MAA,18:42:42,23:34:42,04:52:00,292.0,18,Evening,152.81,78.42,1
AI014,Air India,HYD,MAA,HYD -> MAA,10:24:42,13:51:42,03:27:00,207.0,10,Morning,152.81,78.42,0
UK090,Vistara,HYD,MAA,HYD -> MAA,14:44:42,17:24:42,02:40:00,160.0,14,Afternoon,152.81,78.42,0
SJ055,SpiceJet,HYD,MAA,HYD -> MAA,14:17:42,17:56:42,03:39:00,219.0,14,Afternoon,152.81,78.42,0
SJ023,SpiceJet,HYD,MAA,HYD -> MAA,17:27:42,19:09:42,01:42:00,102.0,17,Evening,152.81,78.42,0
6F222,IndiGo,HYD,MAA,HYD -> MAA,14:01:42,16:11:42,02:10:00,130.0,14,Afternoon,152.81,78.42,0
6F139,IndiGo,HYD,MAA,HYD -> MAA,04:55:42,08:17:42,03:22:00,202.0,4,Night,152.81,78.42,0
SJ117,SpiceJet,MAA,BLR,MAA -> BLR,13:10:42,17:06:42,03:56:00,236.0,13,Afternoon,172.82,79.97,0
UK130,Vistara,MAA,BLR,MAA -> BLR,15:36:42,19:43:42,04:07:00,247.0,15,Afternoon,172.82,79.97,0
AI119,Air India,MAA,BLR,MAA -> BLR,13:15:42,15:57:42,02:42:00,162.0,13,Afternoon,172.82,79.97,0
UK020,Vistara,MAA,BLR,MAA -> BLR,21:23:42,22:38:42,01:15:00,75.0,21,Night,172.82,79.97,0
SJ187,SpiceJet,MAA,BLR,MAA -> BLR,14:07:42,17:30:42,03:23:00,203.0,14,Afternoon,172.82,79.97,0
UK024,Vistara,MAA,BLR,MAA -> BLR,08:29:42,13:29:42,05:00:00,300.0,8,Morning,172.82,79.97,1
AI171,Air India,MAA,BLR,MAA -> BLR,10:51:42,13:34:42,02:43:00,163.0,10,Morning,172.82,79.97,0
SJ065,SpiceJet,MAA,BLR,MAA -> BLR,04:10:42,06:54:42,02:44:00,164.0,4,Night,172.82,79.97,0
UK173,Vistara,MAA,BLR,MAA -> BLR,17:06:42,21:22:42,04:16:00,256.0,17,Evening,172.82,79.97,0
UK206,Vistara,MAA,BLR,MAA -> BLR,06:01:42,10:34:42,04:33:00,273.0,6,Morning,172.82,79.97,0
SJ048,SpiceJet,MAA,BLR,MAA -> BLR,22:43:42,00:19:42,01:36:00,96.0,22,Night,172.82,79.97,0
6F180,IndiGo,MAA,BLR,MAA -> BLR,15:24:42,19:48:42,04:24:00,264.0,15,Afternoon,172.82,79.97,0
UK156,Vistara,MAA,BLR,MAA -> BLR,11:50:42,15:54:42,04:04:00,244.0,11,Morning,172.82,79.97,0
SJ238,SpiceJet,MAA,BLR,MAA -> BLR,11:41:42,15:39:42,03:58:00,238.0,11,Morning,172.82,79.97,0
AI065,Air India,MAA,BLR,MAA -> BLR,00:09:42,05:00:42,04:51:00,291.0,0,Night,172.82,79.97,0
6F011,IndiGo,MAA,BLR,MAA -> BLR,15:16:42,17:16:42,02:00:00,120.0,15,Afternoon,172.82,79.97,0
6F133,IndiGo,MAA,BLR,MAA -> BLR,04:38:42,06:25:42,01:47:00,107.0,4,Night,172.82,79.97,0
SJ161,SpiceJet,MAA,BLR,MAA -> BLR,16:22:42,17:04:42,00:42:00,42.0,16,Afternoon,172.82,79.97,0
6F115,IndiGo,MAA,BLR,MAA -> BLR,04:41:42,06:23:42,01:42:00,102.0,4,Night,172.82,79.97,0
6F069,IndiGo,MAA,BLR,MAA -> BLR,23:44:42,03:17:42,03:33:00,213.0,23,Night,172.82,79.97,0
6F223,IndiGo,MAA,BLR,MAA -> BLR,16:47:42,17:21:42,00:34:00,34.0,16,Afternoon,172.82,79.97,0
6F254,IndiGo,MAA,BLR,MAA -> BLR,14:26:42,18:01:42,03:35:00,215.0,14,Afternoon,172.82,79.97,0
AI051,Air India,MAA,BLR,MAA -> BLR,01:27:42,02:22:42,00:55:00,55.0,1,Night,172.82,79.97,0
6F022,IndiGo,MAA,BLR,MAA -> BLR,21:46:42,02:05:42,04:19:00,259.0,21,Night,172.82,79.97,0
6F253,IndiGo,MAA,BLR,MAA -> BLR,16:26:42,18:24:42,01:58:00,118.0,16,Afternoon,172.82,79.97,0
SJ160,SpiceJet,MAA,BLR,MAA -> BLR,19:45:42,20:30:42,00:45:00,45.0,19,Evening,172.82,79.97,0
6F065,IndiGo,MAA,BLR,MAA -> BLR,19:40:42,22:23:42,02:43:00,163.0,19,Evening,172.82,79.97,0
SJ103,SpiceJet,MAA,BLR,MAA -> BLR,05:16:42,08:56:42,03:40:00,220.0,5,Morning,172.82,79.97,0
6F023,IndiGo,MAA,BLR,MAA -> BLR,20:18:42,00:14:42,03:56:00,236.0,20,Evening,172.82,79.97,0
UK225,Vistara,MAA,BLR,MAA -> BLR,12:46:42,15:02:42,02:16:00,136.0,12,Afternoon,172.82,79.97,0
SJ175,SpiceJet,MAA,BLR,MAA -> BLR,12:46:42,16:50:42,04:04:00,244.0,12,Afternoon,172.82,79.97,0
AI032,Air India,MAA,BLR,MAA -> BLR,07:26:42,09:26:42,02:00:00,120.0,7,Morning,172.82,79.97,0
SJ054,SpiceJet,MAA,BLR,MAA -> BLR,18:13:42,22:46:42,04:33:00,273.0,18,Evening,172.82,79.97,0
6F096,IndiGo,MAA,BLR,MAA -> BLR,22:45:42,02:58:42,04:13:00,253.0,22,Night,172.82,79.97,0
SJ061,SpiceJet,MAA,BLR,MAA -> BLR,06:38:42,09:35:42,02:57:00,177.0,6,Morning,172.82,79.97,0
SJ083,SpiceJet,MAA,BLR,MAA -> BLR,05:13:42,08:17:42,03:04:00,184.0,5,Morning,172.82,79.97,0
UK092,Vistara,MAA,BLR,MAA -> BLR,11:42:42,13:17:42,01:35:00,95.0,11,Morning,172.82,79.97,0
SJ120,SpiceJet,MAA,BLR,MAA -> BLR,21:19:42,00:56:42,03:37:00,217.0,21,Night,172.82,79.97,0
SJ232,SpiceJet,MAA,BLR,MAA -> BLR,15:02:42,19:22:42,04:20:00,260.0,15,Afternoon,172.82,79.97,0
AI115,Air India,MAA,BLR,MAA -> BLR,19:37:42,00:26:42,04:49:00,289.0,19,Evening,172.82,79.97,0
AI039,Air India,MAA,BLR,MAA -> BLR,15:24:42,18:56:42,03:32:00,212.0,15,Afternoon,172.82,79.97,0
SJ067,SpiceJet,MAA,BLR,MAA -> BLR,07:17:42,08:16:42,00:59:00,59.0,7,Morning,172.82,79.97,0
6F067,IndiGo,MAA,BLR,MAA -> BLR,02:59:42,06:02:42,03:03:00,183.0,2,Night,172.82,79.97,0
6F232,IndiGo,MAA,BLR,MAA -> BLR,10:39:42,12:22:42,01:43:00,103.0,10,Morning,172.82,79.97,0
AI044,Air India,MAA,BLR,MAA -> BLR,09:03:42,12:36:42,03:33:00,213.0,9,Morning,172.82,79.97,0
6F189,IndiGo,MAA,BLR,MAA -> BLR,20:08:42,21:51:42,01:43:00,103.0,20,Evening,172.82,79.97,0
6F081,IndiGo,MAA,BLR,MAA -> BLR,06:04:42,07:43:42,01:39:00,99.0,6,Morning,172.82,79.97,0
SJ075,SpiceJet,MAA,BLR,MAA -> BLR,09:26:42,11:03:42,01:37:00,97.0,9,Morning,172.82,79.97,0
6F092,IndiGo,MAA,BLR,MAA -> BLR,08:39:42,09:15:42,00:36:00,36.0,8,Morning,172.82,79.97,0
AI194,Air India,MAA,BLR,MAA -> BLR,05:09:42,09:38:42,04:29:00,269.0,5,Morning,172.82,79.97,0
UK140,Vistara,MAA,BLR,MAA -> BLR,19:37:42,21:00:42,01:23:00,83.0,19,Evening,172.82,79.97,0
6F211,IndiGo,MAA,BLR,MAA -> BLR,11:29:42,16:20:42,04:51:00,291.0,11,Morning,172.82,79.97,0
UK218,Vistara,MAA,BLR,MAA -> BLR,03:12:42,07:22:42,04:10:00,250.0,3,Night,172.82,79.97,0
UK191,Vistara,MAA,BLR,MAA -> BLR,21:51:42,22:57:42,01:06:00,66.0,21,Night,172.82,79.97,0
6F252,IndiGo,MAA,BLR,MAA -> BLR,14:25:42,18:52:42,04:27:00,267.0,14,Afternoon,172.82,79.97,0
SJ099,SpiceJet,MAA,BLR,MAA -> BLR,22:14:42,00:34:42,02:20:00,140.0,22,Night,172.82,79.97,0
6F160,IndiGo,MAA,BLR,MAA -> BLR,04:09:42,08:26:42,04:17:00,257.0,4,Night,172.82,79.97,0
UK124,Vistara,MAA,BLR,MAA -> BLR,14:35:42,17:09:42,02:34:00,154.0,14,Afternoon,172.82,79.97,0
UK209,Vistara,MAA,BLR,MAA -> BLR,19:02:42,21:47:42,02:45:00,165.0,19,Evening,172.82,79.97,0
SJ052,SpiceJet,MAA,BLR,MAA -> BLR,08:20:42,09:57:42,01:37:00,97.0,8,Morning,172.82,79.97,0
UK188,Vistara,MAA,BLR,MAA -> BLR,02:55:42,03:44:42,00:49:00,49.0,2,Night,172.82,79.97,0
UK111,Vistara,MAA,BLR,MAA -> BLR,11:06:42,12:20:42,01:14:00,74.0,11,Morning,172.82,79.97,0
UK088,Vistara,MAA,BLR,MAA -> BLR,19:16:42,23:36:42,04:20:00,260.0,19,Evening,172.82,79.97,0
SJ100,SpiceJet,MAA,BLR,MAA -> BLR,03:28:42,06:50:42,03:22:00,202.0,3,Night,172.82,79.97,0
SJ212,SpiceJet,MAA,BLR,MAA -> BLR,19:49:42,21:44:42,01:55:00,115.0,19,Evening,172.82,79.97,0
6F041,IndiGo,MAA,BOM,MAA -> BOM,13:19:42,16:48:42,03:29:00,209.0,13,Afternoon,176.76,75.05,0
SJ039,SpiceJet,MAA,BOM,MAA -> BOM,08:41:42,12:08:42,03:27:00,207.0,8,Morning,176.76,75.05,0
AI192,Air India,MAA,BOM,MAA -> BOM,23:05:42,04:04:42,04:59:00,299.0,23,Night,176.76,75.05,1
SJ236,SpiceJet,MAA,BOM,MAA -> BOM,18:03:42,22:02:42,03:59:00,239.0,18,Evening,176.76,75.05,0
UK058,Vistara,MAA,BOM,MAA -> BOM,13:46:42,17:04:42,03:18:00,198.0,13,Afternoon,176.76,75.05,0
UK042,Vistara,MAA,BOM,MAA -> BOM,20:59:42,01:38:42,04:39:00,279.0,20,Evening,176.76,75.05,0
AI131,Air India,MAA,BOM,MAA -> BOM,19:55:42,22:35:42,02:40:00,160.0,19,Evening,176.76,75.05,0
AI123,Air India,MAA,BOM,MAA -> BOM,22:19:42,00:45:42,02:26:00,146.0,22,Night,176.76,75.05,0
SJ211,SpiceJet,MAA,BOM,MAA -> BOM,16:22:42,18:34:42,02:12:00,132.0,16,Afternoon,176.76,75.05,0
6F132,IndiGo,MAA,BOM,MAA -> BOM,12:00:42,13:00:42,01:00:00,60.0,12,Afternoon,176.76,75.05,0
6F061,IndiGo,MAA,BOM,MAA -> BOM,07:28:42,08:09:42,00:41:00,41.0,7,Morning,176.76,75.05,0
SJ032,SpiceJet,MAA,BOM,MAA -> BOM,02:11:42,04:33:42,02:22:00,142.0,2,Night,176.76,75.05,0
AI144,Air India,MAA,BOM,MAA -> BOM,00:43:42,03:36:42,02:53:00,173.0,0,Night,176.76,75.05,0
6F184,IndiGo,MAA,BOM,MAA -> BOM,13:05:42,16:04:42,02:59:00,179.0,13,Afternoon,176.76,75.05,0
SJ063,SpiceJet,MAA,BOM,MAA -> BOM,13:38:42,15:23:42,01:45:00,105.0,13,Afternoon,176.76,75.05,0
AI024,Air India,MAA,BOM,MAA -> BOM,18:38:42,19:45:42,01:07:00,67.0,18,Evening,176.76,75.05,0
UK012,Vistara,MAA,BOM,MAA -> BOM,22:16:42,00:25:42,02:09:00,129.0,22,Night,176.76,75.05,0
SJ034,SpiceJet,MAA,BOM,MAA -> BOM,15:20:42,20:11:42,04:51:00,291.0,15,Afternoon,176.76,75.05,1
6F156,IndiGo,MAA,BOM,MAA -> BOM,02:23:42,04:57:42,02:34:00,154.0,2,Night,176.76,75.05,0
6F227,IndiGo,MAA,BOM,MAA -> BOM,13:16:42,17:41:42,04:25:00,265.0,13,Afternoon,176.76,75.05,0
6F163,IndiGo,MAA,BOM,MAA -> BOM,06:49:42,10:46:42,03:57:00,237.0,6,Morning,176.76,75.05,0
UK207,Vistara,MAA,CCU,MAA -> CCU,16:21:42,17:36:42,01:15:00,75.0,16,Afternoon,158.54,85.72,0
UK211,Vistara,MAA,CCU,MAA -> CCU,20:39:42,22:02:42,01:23:00,83.0,20,Evening,158.54,85.72,0
6F209,IndiGo,MAA,CCU,MAA -> CCU,08:40:42,13:40:42,05:00:00,300.0,8,Morning,158.54,85.72,1
SJ003,SpiceJet,MAA,CCU,MAA -> CCU,19:50:42,20:32:42,00:42:00,42.0,19,Evening,158.54,85.72,0
AI111,Air India,MAA,CCU,MAA -> CCU,07:40:42,10:39:42,02:59:00,179.0,7,Morning,158.54,85.72,0
UK076,Vistara,MAA,CCU,MAA -> CCU,08:03:42,12:26:42,04:23:00,263.0,8,Morning,158.54,85.72,0
UK217,Vistara,MAA,CCU,MAA -> CCU,21:19:42,22:14:42,00:55:00,55.0,21,Night,158.54,85.72,0
SJ135,SpiceJet,MAA,CCU,MAA -> CCU,16:03:42,19:48:42,03:45:00,225.0,16,Afternoon,158.54,85.72,0
UK038,Vistara,MAA,CCU,MAA -> CCU,12:22:42,15:31:42,03:09:00,189.0,12,Afternoon,158.54,85.72,0
SJ167,SpiceJet,MAA,CCU,MAA -> CCU,13:18:42,14:12:42,00:54:00,54.0,13,Afternoon,158.54,85.72,0
AI033,Air India,MAA,CCU,MAA -> CCU,05:25:42,10:21:42,04:56:00,296.0,5,Morning,158.54,85.72,1
SJ102,SpiceJet,MAA,CCU,MAA -> CCU,17:26:42,18:58:42,01:32:00,92.0,17,Evening,158.54,85.72,0
6F175,IndiGo,MAA,CCU,MAA -> CCU,13:18:42,15:13:42,01:55:00,115.0,13,Afternoon,158.54,85.72,0
AI255,Air India,MAA,CCU,MAA -> CCU,08:45:42,13:12:42,04:27:00,267.0,8,Morning,158.54,85.72,0
UK075,Vistara,MAA,CCU,MAA -> CCU,23:15:42,03:54:42,04:39:00,279.0,23,Night,158.54,85.72,0
6F039,IndiGo,MAA,CCU,MAA -> CCU,16:43:42,21:01:42,04:18:00,258.0,16,Afternoon,158.54,85.72,0
6F244,IndiGo,MAA,CCU,MAA -> CCU,07:07:42,08:31:42,01:24:00,84.0,7,Morning,158.54,85.72,0
6F116,IndiGo,MAA,CCU,MAA -> CCU,16:43:42,19:02:42,02:19:00,139.0,16,Afternoon,158.54,85.72,0
AI120,Air India,MAA,CCU,MAA -> CCU,12:12:42,14:18:42,02:06:00,126.0,12,Afternoon,158.54,85.72,0
SJ070,SpiceJet,MAA,CCU,MAA -> CCU,18:55:42,20:48:42,01:53:00,113.0,18,Evening,158.54,85.72,0
6F157,IndiGo,MAA,CCU,MAA -> CCU,16:37:42,18:04:42,01:27:00,87.0,16,Afternoon,158.54,85.72,0
UK006,Vistara,MAA,CCU,MAA -> CCU,20:16:42,21:55:42,01:39:00,99.0,20,Evening,158.54,85.72,0
6F257,IndiGo,MAA,CCU,MAA -> CCU,16:04:42,19:55:42,03:51:00,231.0,16,Afternoon,158.54,85.72,0
AI090,Air India,MAA,CCU,MAA -> CCU,13:37:42,16:11:42,02:34:00,154.0,13,Afternoon,158.54,85.72,0
UK149,Vistara,MAA,DEL,MAA -> DEL,18:22:42,23:08:42,04:46:00,286.0,18,Evening,155.96,81.71,1
SJ043,SpiceJet,MAA,DEL,MAA -> DEL,18:59:42,21:08:42,02:09:00,129.0,18,Evening,155.96,81.71,0
UK181,Vistara,MAA,DEL,MAA -> DEL,16:44:42,19:26:42,02:42:00,162.0,16,Afternoon,155.96,81.71,0
6F047,IndiGo,MAA,DEL,MAA -> DEL,13:50:42,15:55:42,02:05:00,125.0,13,Afternoon,155.96,81.71,0
6F262,IndiGo,MAA,DEL,MAA -> DEL,01:44:42,02:47:42,01:03:00,63.0,1,Night,155.96,81.71,0
6F161,IndiGo,MAA,DEL,MAA -> DEL,11:24:42,12:21:42,00:57:00,57.0,11,Morning,155.96,81.71,0
6F099,IndiGo,MAA,DEL,MAA -> DEL,22:24:42,22:59:42,00:35:00,35.0,22,Night,155.96,81.71,0
6F221,IndiGo,MAA,DEL,MAA -> DEL,05:20:42,08:52:42,03:32:00,212.0,5,Morning,155.96,81.71,0
UK085,Vistara,MAA,DEL,MAA -> DEL,02:15:42,03:17:42,01:02:00,62.0,2,Night,155.96,81.71,0
6F057,IndiGo,MAA,DEL,MAA -> DEL,12:32:42,15:50:42,03:18:00,198.0,12,Afternoon,155.96,81.71,0
AI088,Air India,MAA,DEL,MAA -> DEL,06:34:42,10:10:42,03:36:00,216.0,6,Morning,155.96,81.71,0
AI029,Air India,MAA,DEL,MAA -> DEL,13:29:42,17:53:42,04:24:00,264.0,13,Afternoon,155.96,81.71,0
AI007,Air India,MAA,DEL,MAA -> DEL,04:01:42,06:01:42,02:00:00,120.0,4,Night,155.96,81.71,0
AI160,Air India,MAA,DEL,MAA -> DEL,13:41:42,17:01:42,03:20:00,200.0,13,Afternoon,155.96,81.71,0
AI062,Air India,MAA,DEL,MAA -> DEL,06:49:42,07:25:42,00:36:00,36.0,6,Morning,155.96,81.71,0
AI240,Air India,MAA,DEL,MAA -> DEL,10:19:42,12:46:42,02:27:00,147.0,10,Morning,155.96,81.71,0
SJ004,SpiceJet,MAA,DEL,MAA -> DEL,17:52:42,21:01:42,03:09:00,189.0,17,Evening,155.96,81.71,0
SJ132,SpiceJet,MAA,DEL,MAA -> DEL,14:44:42,15:36:42,00:52:00,52.0,14,Afternoon,155.96,81.71,0
AI251,Air India,MAA,DEL,MAA -> DEL,22:40:42,23:24:42,00:44:00,44.0,22,Night,155.96,81.71,0
AI087,Air India,MAA,DEL,MAA -> DEL,16:32:42,20:30:42,03:58:00,238.0,16,Afternoon,155.96,81.71,0
AI162,Air India,MAA,DEL,MAA -> DEL,19:20:42,22:40:42,03:20:00,200.0,19,Evening,155.96,81.71,0
6F229,IndiGo,MAA,DEL,MAA -> DEL,13:10:42,14:30:42,01:20:00,80.0,13,Afternoon,155.96,81.71,0
UK084,Vistara,MAA,DEL,MAA -> DEL,20:44:42,00:20:42,03:36:00,216.0,20,Evening,155.96,81.71,0
UK048,Vistara,MAA,DEL,MAA -> DEL,13:36:42,18:21:42,04:45:00,285.0,13,Afternoon,155.96,81.71,1
6F219,IndiGo,MAA,DEL,MAA -> DEL,10:32:42,14:37:42,04:05:00,245.0,10,Morning,155.96,81.71,0
UK103,Vistara,MAA,DEL,MAA -> DEL,21:52:42,01:06:42,03:14:00,194.0,21,Night,155.96,81.71,0
AI221,Air India,MAA,HYD,MAA -> HYD,16:18:42,18:54:42,02:36:00,156.0,16,Afternoon,160.0,82.95,0
UK184,Vistara,MAA,HYD,MAA -> HYD,10:49:42,13:00:42,02:11:00,131.0,10,Morning,160.0,82.95,0
UK154,Vistara,MAA,HYD,MAA -> HYD,04:00:42,07:57:42,03:57:00,237.0,4,Night,160.0,82.95,0
AI193,Air India,MAA,HYD,MAA -> HYD,11:33:42,16:07:42,04:34:00,274.0,11,Morning,160.0,82.95,0
6F079,IndiGo,MAA,HYD,MAA -> HYD,02:14:42,06:18:42,04:04:00,244.0,2,Night,160.0,82.95,0
UK045,Vistara,MAA,HYD,MAA -> HYD,07:43:42,09:28:42,01:45:00,105.0,7,Morning,160.0,82.95,0
UK155,Vistara,MAA,HYD,MAA -> HYD,14:34:42,18:37:42,04:03:00,243.0,14,Afternoon,160.0,82.95,0
SJ221,SpiceJet,MAA,HYD,MAA -> HYD,18:31:42,23:17:42,04:46:00,286.0,18,Evening,160.0,82.95,1
AI104,Air India,MAA,HYD,MAA -> HYD,07:35:42,09:20:42,01:45:00,105.0,7,Morning,160.0,82.95,0
SJ094,SpiceJet,MAA,HYD,MAA -> HYD,03:23:42,08:07:42,04:44:00,284.0,3,Night,160.0,82.95,0
UK216,Vistara,MAA,HYD,MAA -> HYD,18:33:42,21:47:42,03:14:00,194.0,18,Evening,160.0,82.95,0
AI196,Air India,MAA,HYD,MAA -> HYD,02:52:42,04:25:42,01:33:00,93.0,2,Night,160.0,82.95,0
6F183,IndiGo,MAA,HYD,MAA -> HYD,17:08:42,19:52:42,02:44:00,164.0,17,Evening,160.0,82.95,0
AI126,Air India,MAA,HYD,MAA -> HYD,17:26:42,20:48:42,03:22:00,202.0,17,Evening,160.0,82.95,0
AI181,Air India,MAA,HYD,MAA -> HYD,13:29:42,16:55:42,03:26:00,206.0,13,Afternoon,160.0,82.95,0
6F135,IndiGo,MAA,HYD,MAA -> HYD,12:59:42,13:45:42,00:46:00,46.0,12,Afternoon,160.0,82.95,0
UK226,Vistara,MAA,HYD,MAA -> HYD,03:58:42,05:01:42,01:03:00,63.0,3,Night,160.0,82.95,0
UK010,Vistara,MAA,HYD,MAA -> HYD,17:53:42,20:40:42,02:47:00,167.0,17,Evening,160.0,82.95,0
SJ131,SpiceJet,MAA,HYD,MAA -> HYD,15:00:42,16:07:42,01:07:00,67.0,15,Afternoon,160.0,82.95,0
AI151,Air India,MAA,HYD,MAA -> HYD,13:14:42,14:10:42,00:56:00,56.0,13,Afternoon,160.0,82.95,0
6F086,IndiGo,MAA,HYD,MAA -> HYD,20:23:42,21:00:42,00:37:00,37.0,20,Evening,160.0,82.95,0
